episode_id,duid,yr,yyyymm,mwh,P,comp,dir_formula,dir_earn,spot_rev,rrp_mean_w
696,TORRB2,2022,202201,323.333333333333,148.99,,45764.7616666667,45764.7616666667,6482.5876,20.04924
697,TORRB2,2022,202202,1345.83333333333,134.38039,,171810.927797917,171810.927797917,-20715.0832116667,-15.3920122934985
698,TORRB2,2022,202202,359.679166666667,134.38039,,45917.1353569646,45917.1353569646,2610.66658875,7.25832027733049
699,TORRB2,2022,202203,4281.91666666667,121.1744,,492915.748786667,492915.748786667,-45297.4200866667,-10.5787719876224
700,TORRB2,2022,202203,313.208333333333,121.1744,,36055.1902733333,36055.1902733333,-177.828239166667,-0.567763434880937
701,TORRB2,2022,202203,283.666666666667,121.1744,,32654.4812266667,32654.4812266667,9874.06466833333,34.8086886075206
702,TORRB2,2022,202203,540.625,121.1744,,62234.4145,62234.4145,13032.8490170833,24.1070039622351
703,TORRB2,2022,202203,440.166666666667,121.1744,,50670.0851466667,50670.0851466667,-720.163171666667,-1.63611474062855
704,TORRB2,2022,202203,660.833333333333,121.1744,,76072.2785333333,76072.2785333333,3937.804325,5.95884639344262
705,TORRB2,2022,202204,1285.95833333333,156.547398,,191247.759468763,191247.759468763,13780.7342375,10.7163147360918
706,TORRB2,2022,202204,521.666666666667,156.547398,,77582.2813255,77582.2813255,33071.4734,63.3957956549521
707,TORRB2,2022,202204,505,156.547398,,75103.6141905,75103.6141905,-6310.74308333333,-12.4965209570957
708,TORRB2,2022,202204,5.5,156.547398,,817.96015455,817.96015455,102.469055,18.6307372727273
709,TORRB2,2022,202204,145.416666666667,156.547398,,21626.370752875,21626.370752875,8923.53326666667,61.365271747851
710,TORRB2,2022,202205,363.333333333333,252.61979,,87195.9308483334,87195.9308483334,12267.8129666667,33.7646228440367
711,TORRB2,2022,202205,255.541666666667,252.61979,,61327.1380611042,61327.1380611042,-21787.7542166667,-85.2610632969183
712,TORRB2,2022,202205,147.333333333333,252.61979,,35358.3499403334,35358.3499403334,816.1930375,5.53977174773756
713,TORRB2,2022,202205,149.333333333333,252.61979,,35838.3275413334,35838.3275413334,32926.6679758333,220.491080195313
714,TORRB2,2022,202205,700.833333333333,252.61979,,168192.151017084,168192.151017084,122736.363791667,175.129175445898
715,TORRB2,2022,202205,505,252.61979,,121194.3442525,121194.3442525,99690.19835,197.406333366337
716,TORRB2,2022,202205,203.333333333333,252.61979,,48797.7227683334,48797.7227683334,16309.3493,80.2099145901639
717,TORRB2,2022,202205,503.333333333333,252.61979,,120794.362918333,120794.362918333,24795.9806333333,49.2635376821192
718,TORRB2,2022,202206,463.333333333333,241.38,,106247.43,106247.43,57948.3925333333,125.068473093525
719,TORRB2,2022,202206,520.958333333333,241.38,,119461.476375,119461.476375,3456.60679083333,6.63509261617212
720,TORRB2,2022,202206,680,241.38,,155931.48,155931.48,212184.106466667,312.035450686275
721,TORRB2,2022,202206,685.333333333333,241.38,,157154.472,157154.472,90371.5726733333,131.865135223735
722,TORRB2,2022,202206,310.166666666667,241.38,,71124.6285,71124.6285,76685.345,247.239156367544
723,TORRB2,2022,202206,239,241.38,,54805.329,54805.329,720.478423333333,3.01455407252441
724,TORRB2,2022,202207,2,349.636434,,664.3092246,664.3092246,-110.02,-55.01
725,TORRB2,2022,202207,213.958333333333,349.636434,,71067.2472566875,71067.2472566875,-7405.27984458333,-34.6108502960078
726,TORRB2,2022,202207,632.583333333333,349.636434,,210115.471830775,210115.471830775,-11045.3925679167,-17.4607707568173
727,TORRB2,2022,202207,243.833333333333,349.636434,,80990.36629915,80990.36629915,6696.723245,27.4643468694463
728,TORRB2,2022,202208,3470.58333333333,378.37086,,1247509.22050825,1247509.22050825,54801.06335125,15.7901592003025
729,TORRB2,2022,202208,133.875,378.37086,,48121.678938375,48121.678938375,11455.7128845833,85.5702176252723
730,TORRB2,2022,202210,565,350.642642,,188207.4380935,188207.4380935,30427.5461166667,53.8540639233038
731,TORRB2,2022,202210,651.75,350.642642,,217104.774827325,217104.774827325,-25773.7470975,-39.5454500920598
732,TORRB2,2022,202210,368.333333333333,350.642642,,122695.704479833,122695.704479833,-6273.85735,-17.0330968778281
733,TORRB2,2022,202210,1725,350.642642,,574615.6295775,574615.6295775,-15650.1100166667,-9.07252754589372
734,TORRB2,2022,202210,625,350.642642,,208194.0686875,208194.0686875,3490.71748333333,5.58514797333333
735,TORRB2,2022,202210,1686.66666666667,350.642642,,561846.393364667,561846.393364667,83017.3261333333,49.2197585770751
736,TORRB2,2022,202210,1100,350.642642,,366421.56089,366421.56089,8573.14973333333,7.79377248484849
737,TORRB2,2022,202211,1010.97916666667,346.31752,,332613.807883083,332613.807883083,-4383.10746479167,-4.3355072085643
738,TORRB2,2022,202211,276.083333333333,346.31752,,90831.8705476666,90831.8705476666,-6191.7083025,-22.4269543102928
739,TORRB2,2022,202211,623.333333333333,346.31752,,205077.691426667,205077.691426667,75273.1878666667,120.759124919786
740,TORRB2,2022,202211,400,346.31752,,131600.6576,131600.6576,-1446.9817,-3.61745425
741,TORRB2,2022,202211,440,346.31752,,144760.72336,144760.72336,48.5045333333333,0.110237575757576
742,TORRB2,2022,202211,721.666666666667,346.31752,,237429.519753333,237429.519753333,67241.7914333333,93.175692517321
743,TORRB2,2022,202211,635.5,346.31752,,209080.544762,209080.544762,33337.448275,52.4586125491739
744,TORRB2,2022,202211,585,346.31752,,192465.96174,192465.96174,3298.08525,5.63775256410257
745,TORRB2,2022,202211,681.666666666667,346.31752,,224269.453993333,224269.453993333,39029.753,57.2563613691932
746,TORRB2,2022,202211,409.5,346.31752,,134726.173218,134726.173218,-51475.515395,-125.703334297924
747,TORRB2,2022,202211,1802.91666666667,346.31752,,593162.547328333,593162.547328333,-202801.7225625,-112.485355708343
748,TORRB2,2022,202211,563.333333333333,346.31752,,185337.592786667,185337.592786667,-29278.5959,-51.9738388757397
749,TORRB2,2022,202211,600,346.31752,,197400.9864,197400.9864,-23841.6127,-39.7360211666667
750,TORRB2,2022,202211,223.333333333333,346.31752,,73477.0338266667,73477.0338266667,-9837.6584,-44.0492167164179
751,TORRB2,2022,202211,4191.66666666667,346.31752,,1379065.22443333,1379065.22443333,314509.390733333,75.0320614075547
752,TORRB2,2022,202212,755,333.58121,,239261.1228725,239261.1228725,17954.7224166667,23.7810892935982
753,TORRB2,2022,202212,1101.66666666667,333.58121,,349120.534699167,349120.534699167,39042.1262666667,35.4391463842663
754,TORRB2,2022,202212,1036.66666666667,333.58121,,328521.894981667,328521.894981667,-11075.6372333333,-10.683894437299
755,TORRB2,2022,202212,238.541666666667,333.58121,,75594.3669119792,75594.3669119792,-11267.1372016667,-47.2334135965066
756,TORRB2,2022,202212,345,333.58121,,109331.2415775,109331.2415775,-8415.53163333333,-24.3928453140097
757,TORRB2,2022,202212,423.333333333333,333.58121,,134155.243288333,134155.243288333,-3130.6553,-7.39524874015748
758,TORRB2,2022,202212,381.666666666667,333.58121,,120950.987059167,120950.987059167,-12507.794,-32.7715126637555
759,TORRB2,2022,202212,665,333.58121,,210739.9294175,210739.9294175,-2204.81313333333,-3.31550847117794
760,TORRB2,2022,202212,678.333333333333,333.58121,,214965.291410833,214965.291410833,-16494.0826158333,-24.3156009078624
761,TORRB2,2022,202212,434.791666666667,333.58121,,137786.413751354,137786.413751354,-8105.95252041667,-18.6433023948251
762,TORRB2,2022,202212,356.791666666667,333.58121,,113068.046090354,113068.046090354,-2779.19943666667,-7.7894180170501
763,TORRB2,2023,202301,256,326.163896,,79323.0595072,79323.0595072,-6936.95338916667,-27.0974741764323
764,TORRB2,2023,202301,378.25,326.163896,,117202.9189789,117202.9189789,-13973.8810483333,-36.943505745759
765,TORRB2,2023,202301,4079.16666666667,326.163896,,1263953.04781167,1263953.04781167,-95010.6223775,-23.2916745358529
766,TORRB2,2023,202301,182.083333333333,326.163896,,56419.5589268333,56419.5589268333,-9756.39278833333,-53.5820198901602
767,TORRB2,2023,202301,309.75,326.163896,,95977.8034467,95977.8034467,-3473.98053083333,-11.2154335135862
768,TORRB2,2023,202301,334.125,326.163896,,103530.53616345,103530.53616345,-6754.93247291667,-20.2167825601696
769,TORRB2,2023,202301,55.375,326.163896,,17158.25945395,17158.25945395,5467.52661125,98.7363722121896
770,TORRB2,2023,202301,1121.66666666667,326.163896,,347554.811512667,347554.811512667,-1885.11595,-1.68063829123328
771,TORRB2,2023,202301,4193.33333333333,326.163896,,1299328.24036533,1299328.24036533,23474.8481,5.59813547694754
772,TORRB2,2023,202301,280,326.163896,,86759.596336,86759.596336,7508.00676666667,26.8143098809524
773,TORRB2,2023,202301,299,326.163896,,92646.8546588,92646.8546588,20189.5309016667,67.5235147212932
774,TORRB2,2023,202302,323.333333333333,327.694039,,100656.685646167,100656.685646167,1580.56206666667,4.88833628865979
775,TORRB2,2023,202302,1503.33333333333,327.694039,,468001.703365167,468001.703365167,562.827633333334,0.37438645232816
776,TORRB2,2023,202302,353.916666666667,327.694039,,110177.562870946,110177.562870946,-11994.128565,-33.8896969107605
777,TORRB2,2023,202302,294.958333333333,327.694039,,91823.2832073729,91823.2832073729,-8151.58576458333,-27.6363975632151
778,TORRB2,2023,202302,214.416666666667,327.694039,,66749.9103524708,66749.9103524708,4247.80943416667,19.8110039681306
779,TORRB2,2023,202302,685,327.694039,,213246.89587925,213246.89587925,17570.5687,25.6504652554745
780,TORRB2,2023,202302,415.083333333333,327.694039,,129219.317320504,129219.317320504,-6212.95859333333,-14.9679789439872
781,TORRB2,2023,202302,276,327.694039,,85921.3770258,85921.3770258,-229.429388333333,-0.831265899758454
782,TORRB2,2023,202302,661.666666666667,327.694039,,205983.011348083,205983.011348083,9862.31836666667,14.9052670528967
783,TORRB2,2023,202302,243.333333333333,327.694039,,75751.9386821667,75751.9386821667,4371.92836666667,17.9668289041096
784,TORRB2,2023,202302,525,327.694039,,163437.40195125,163437.40195125,2548.06515,4.85345742857143
785,TORRB2,2023,202302,565,327.694039,,175889.77543325,175889.77543325,110827.65375,196.155139380531
786,TORRB2,2023,202302,681.666666666667,327.694039,,212209.198089083,212209.198089083,-5279.84006666667,-7.74548665036675
787,TORRB2,2023,202306,1160,298.44,,328880.88,328880.88,2905.9123,2.50509681034483
788,TORRB2,2023,202306,2153.75,298.44,,610626.8925,610626.8925,55936.66353125,25.9717532356355
789,TORRB2,2023,202306,601.666666666667,298.44,,170583.33,170583.33,8372.93465,13.9162348753463
790,TORRB2,2023,202306,1743.33333333333,298.44,,494266.38,494266.38,-62786.4414333333,-36.0151671701721
791,TORRB2,2023,202306,1076.625,298.44,,305242.56675,305242.56675,-8280.453605,-7.69112142575177
792,TORRB2,2023,202306,285,298.44,,80802.63,80802.63,13266.64205,46.5496212280702
793,TORRB2,2023,202306,2025,298.44,,574123.95,574123.95,-39927.4711333333,-19.7172696954733
794,TORRB2,2023,202307,4365,249.149392,,1033160.241276,1033160.241276,18011.2921666667,4.12629831996945
795,TORRB2,2023,202307,304.041666666667,249.149392,,71964.2065730334,71964.2065730334,-13581.5831235417,-44.6701377230369
796,TORRB2,2023,202307,620,249.149392,,146748.991888,146748.991888,-26476.4726666667,-42.703988172043
797,TORRB2,2023,202309,276.6375,220.767379,,58018.9090177069,58018.9090177069,-13680.8320597917,-49.4540041020891
798,TORRB2,2023,202309,323.333333333333,220.767379,,67812.3799161667,67812.3799161667,-20174.5417666667,-62.39549
799,TORRB2,2023,202309,323.333333333333,220.767379,,67812.3799161667,67812.3799161667,-19323.8246666667,-59.764406185567
800,TORRB2,2023,202309,323.333333333333,220.767379,,67812.3799161667,67812.3799161667,9217.8607,28.5088475257732
801,TORRB2,2023,202309,2001.66666666667,220.767379,,419807.568450083,419807.568450083,6659.83363333333,3.32714419650291
802,TORRB2,2023,202310,1421.775,193.027186,,260719.166006393,260719.166006393,-13796.48338925,-9.70370374303248
803,TORRB2,2023,202310,372.916666666667,193.027186,,68383.9020402084,68383.9020402084,-8836.54227083333,-23.6957558100559
804,TORRB2,2023,202310,355.166666666667,193.027186,,65128.9811162834,65128.9811162834,-20214.11349,-56.9144443641483
805,TORRB2,2023,202310,1271,193.027186,,233070.6757357,233070.6757357,-5442.09379833333,-4.28174177681616
806,TORRB2,2023,202310,335.75,193.027186,,61568.433814525,61568.433814525,1153.5446225,3.4357248622487
807,TORRB2,2023,202310,311.916666666667,193.027186,,57197.9766115084,57197.9766115084,3599.34842333333,11.5394552711729
808,TORRB2,2023,202310,2203.45833333333,193.027186,,404060.993474004,404060.993474004,-42341.3098447083,-19.215843206191
809,TORRB2,2023,202310,303.333333333333,193.027186,,55624.0007656667,55624.0007656667,-6700.76603333333,-22.0904374725275
810,TORRB2,2023,202310,2681.66666666667,193.027186,,491752.841933834,491752.841933834,-49272.646,-18.3738891236793
811,TORRB2,2023,202311,3197.20833333333,186.840043,573551.13734361,567498.215355961,573551.13734361,-70791.4744483333,-22.1416520500958
812,TORRB2,2023,202311,320,186.840043,57182.20272054,56799.3730720001,57182.20272054,-6864.21683333333,-21.4506776041667
813,TORRB2,2023,202311,345,186.840043,61943.991703595,61236.8240932501,61943.991703595,-5603.0399,-16.2406953623188
814,TORRB2,2023,202311,281.666666666667,186.840043,50347.56587357,49995.2815060834,50347.56587357,9223.61546666667,32.7465637869823
815,TORRB2,2023,202311,645,186.840043,115543.9504764,114486.23634825,115543.9504764,-18303.7148,-28.3778524031008
816,TORRB2,2023,202311,628.083333333333,186.840043,113169.852061995,111483.561157204,113169.852061995,-17713.1165475,-28.2018573132546
817,TORRB2,2023,202311,348.333333333333,186.840043,62155.86359745,61828.4842294168,62155.86359745,-4074.54175,-11.6972490430622
818,TORRB2,2023,202312,2103.33333333333,180.025787,354913.37367961,359721.526723834,354913.37367961,90175.8025,42.8728062599049
819,TORRB2,2023,202312,663.333333333333,180.025787,111695.4197632,113446.250107833,111695.4197632,2775.01506666667,4.18343979899498
820,TORRB2,2023,202312,321.666666666667,180.025787,55063.12967337,55012.8800774167,55063.12967337,-16315.36615,-50.7213455440415
821,TORRB2,2023,202312,363.333333333333,180.025787,61621.29803022,62138.9008128334,61621.29803022,-21697.0188666667,-59.7165656880734
822,TORRB2,2023,202312,383.333333333333,180.025787,65028.90147076,65559.3907658334,65028.90147076,-18623.91,-48.5841130434783
823,TORRB2,2024,202402,6281.66666666667,179.119686,1065534.68146323,1068911.6528455,1065534.68146323,96028.8464,15.2871604775803
824,TORRB2,2024,202402,1004.83333333333,179.119686,167091.7735071,170986.15959155,167091.7735071,-58.5387999999999,-0.0582572234201359
825,TORRB2,2024,202402,204.041666666667,179.119686,34706.060280654,34720.4853010375,34706.060280654,-3092.43931775,-15.1559206914437
826,TORRB2,2024,202402,1282.91666666667,179.119686,214457.21460574,218305.848972625,214457.21460574,-44703.8556383333,-34.8454866943813
827,TORRB2,2024,202402,380,179.119686,64310.88743113,64662.206646,64310.88743113,-4515.53073333333,-11.8829756140351
828,TORRB2,2024,202402,581.666666666667,179.119686,96987.870461685,98978.5531555,96987.870461685,17940.4757166667,30.8432247277937
829,TORRB2,2024,202402,541.666666666667,179.119686,89750.6936798001,92172.0050875,89750.6936798001,17191.1461333333,31.7375005538462
830,TORRB2,2024,202403,1612.4125,179.062355,269222.915539436,274286.260507366,269222.915539436,19361.202291375,12.0075987325669
831,TORRB2,2024,202403,563.333333333333,179.062355,94155.226833,95828.2036508334,94155.226833,24197.6566,42.95442
832,TORRB2,2024,202403,541.666666666667,179.062355,92181.49133207,92142.5035104167,92181.49133207,8480.03511666667,15.6554494461538
833,TORRB2,2024,202403,283.320833333333,179.062355,47674.961591978,48195.4908553677,47674.961591978,6004.84879183333,21.1945190234863
834,TORRB2,2024,202403,325,179.062355,54080.645271,55285.50210625,54080.645271,5043.17286666667,15.517454974359
835,TORRB2,2024,202403,299.570833333333,179.062355,50959.588042325,50959.7659606802,50959.588042325,-11852.336578125,-39.5643876483024
836,TORRB2,2024,202403,3095.29166666667,179.062355,519286.9853103,526537.704482948,519286.9853103,84007.24436125,27.1403322878835
837,TORRB2,2024,202403,1528.33333333333,179.062355,257324.295685063,259983.617597083,257324.295685063,75090.8139091667,49.1324845643402
838,TORRB2,2024,202404,1561.59583333333,178.54827,260825.782914961,264879.222756831,260825.782914961,86327.0694130833,55.2813138780041
839,TORRB2,2024,202404,194.875,178.54827,32694.221618556,33054.8644104375,32694.221618556,5011.09844083333,25.7144243275604
840,TORRB2,2024,202404,363.333333333333,178.54827,60640.924532365,61628.911195,60640.924532365,4418.3323,12.1605476146789
841,TORRB2,2024,202404,250.958333333333,178.54827,42995.298322288,42567.7674458125,42995.298322288,909.405910833333,3.6237326681056
842,TORRB2,2024,202404,294.333333333333,178.54827,49611.359416951,49925.0720965,49611.359416951,-2586.69873083333,-8.78833090883352
843,TORRB2,2024,202404,40,178.54827,6746.836514445,6784.83426,6746.836514445,10614.7888,265.36972
844,TORRB2,2024,202404,275.333333333333,178.54827,46496.7170728,46702.275823,46496.7170728,-911.328544166667,-3.30990996670702
845,TORRB2,2024,202404,277.708333333333,178.54827,46296.570807195,47105.1253571875,46296.570807195,-10374.9717979167,-37.3592382820705
846,TORRB2,2024,202404,215.083333333333,178.54827,36058.984217085,36482.619218875,36058.984217085,1190.49939416667,5.5350611119721
847,TORRB2,2024,202404,174.916666666667,178.54827,28873.485600848,29669.514816125,28873.485600848,-1765.82661666667,-10.0952450690805
848,TORRB2,2024,202404,1463.33333333333,178.54827,246910.291513235,248211.853345,246910.291513235,12076.3649333333,8.25264118451025
849,TORRB2,2024,202404,212.916666666667,178.54827,36058.303571309,36115.107363125,36058.303571309,-3061.471105,-14.378729260274
850,TORRB2,2024,202404,223.154166666667,178.54827,37176.892408684,37851.6008815438,37176.892408684,-1078.59397329167,-4.83340279683328
851,TORRB2,2024,202404,325,178.54827,54589.17499688,55126.7783625,54589.17499688,-9239.5034,-28.4292412307692
852,TORRB2,2024,202405,120.983333333333,175.97,20714.687317926,20224.9653083333,20714.687317926,680.187536875,5.62215900433944
853,TORRB2,2024,202405,208.166666666667,175.97,35162.186035,34799.5339166667,35162.186035,13809.7212075,66.3397335828663
854,TORRB2,2024,202405,285,175.97,47195.67003816,47643.8775,47195.67003816,-1880.88763333333,-6.59960573099415
855,TORRB2,2024,202405,254.625,175.97,42368.840672634,42566.0431875,42368.840672634,-2247.79126708333,-8.82784984617902
856,TORRB2,2024,202405,243.958333333333,175.97,40519.007810271,40782.8805208333,40519.007810271,16251.700396625,66.6167052978651
857,TORRB2,2024,202405,301.666666666667,175.97,50484.09101816,50430.0691666667,50484.09101816,12039.9652,39.9114868508287
858,TORRB2,2024,202405,223.333333333333,175.97,37164.61676215,37334.9683333333,37164.61676215,9554.13736666667,42.7797195522388
859,TORRB2,2024,202405,585,175.97,96425.465894945,97795.3275,96425.465894945,17594.2076833333,30.0755686894587
860,TORRB2,2024,202405,203.333333333333,175.97,32969.13544693,33991.5383333333,32969.13544693,4263.5334,20.9681970491803
861,TORRB2,2024,202407,683.333333333333,215.965026,137241.14197892,140197.296045,137241.14197892,38636.5589333333,56.5413057560976
862,TORRB2,2024,202407,545,215.965026,108997.54499312,111815.8922115,108997.54499312,33297.5175333333,61.0963624464832
863,TORRB2,2024,202407,666.4706975,215.965026,136708.01332749,136737.643438134,136708.01332749,100133.79325,150.24485491352
864,TORRB2,2024,202407,663.333333333333,215.965026,137185.91622952,136093.960551,137185.91622952,14246.8742,21.477699798995
865,TORRB2,2024,202408,160,221.896944,34604.94155886,33728.335488,34604.94155886,-5749.98776666667,-35.9374235416667
866,TORRB2,2024,202408,603.333333333333,221.896944,128967.9656706,127183.931736,128967.9656706,3741.28663333333,6.20102756906077
867,TORRB2,2024,202408,1505,221.896944,322694.55940626,317257.155684,322694.55940626,82433.1407666667,54.772851007752
868,TORRB2,2024,202408,1463.33333333333,221.896944,307079.45696484,308473.734984,307079.45696484,42269.1896666667,28.885551025057
869,TORRB2,2024,202408,585,221.896944,121157.64675985,123319.226628,121157.64675985,26776.8308833333,45.7723604843305
870,TORRB2,2024,202408,1285,221.896944,264968.47619008,270880.694388,264968.47619008,23513.9017333333,18.2987562127108
871,TORRB2,2024,202408,1563.75,221.896944,326862.41284476,329641.778871,326862.41284476,10950.2106208333,7.00253277111644
872,TORRB2,2024,202408,426.208333333333,221.896944,87909.752176557,89845.6103403,87909.752176557,2481.12895725,5.82139944999511
873,TORRB2,2024,202408,6381.66666666667,221.896944,1319537.33894232,1345268.714412,1319537.33894232,-127160.417183333,-19.9258945703839
874,TORRB2,2024,202409,301.666666666667,220.036945,61704.09903575,63058.9211545834,61704.09903575,-5865.45196666667,-19.4434871823204
875,TORRB2,2024,202409,4381.66666666667,220.036945,899735.580182783,915922.119974584,899735.580182783,89109.9527666667,20.3369994903005
876,TORRB2,2024,202409,253.833333333333,220.036945,52166.536200153,53060.0756455417,52166.536200153,-3577.44950166667,-14.0936946881156
877,TORRB2,2024,202409,1195.14583333333,220.036945,246706.98155805,249827.426096339,246706.98155805,28010.1577477083,23.4366024350236
878,TORRB2,2024,202409,621.666666666667,220.036945,129292.908043,129950.152434583,129292.908043,2040.8962,3.28294294906166
879,TORRB2,2024,202409,1331.75,220.036945,276850.579451565,278382.491428563,276850.579451565,-49072.0029808333,-36.8477589493774
880,TORRB2,2024,202409,291,220.036945,60171.54524301,60829.21344525,60171.54524301,-14110.3570775,-48.4891995790378
881,TORRB2,2024,202410,265,221.743223,54234.90577494,55823.85639025,54234.90577494,-10020.8485,-37.8145226415094
882,TORRB2,2024,202410,325,221.743223,66664.1751889,68463.22010125,66664.1751889,-13998.3669833333,-43.0718984102564
883,TORRB2,2024,202410,5485,221.743223,1149346.03788324,1155448.49924725,1149346.03788324,-40614.0873833333,-7.40457381646916
884,TORRB2,2024,202410,1195.875,221.743223,248215.2282048,251918.317964869,248215.2282048,1948.57701708333,1.62941529598272
885,TORRB2,2024,202411,274.620833333333,223.44,58409.337428736,58293.21505,58409.337428736,-10679.6830407917,-38.8888305055455
886,TORRB2,2024,202411,705,223.44,148681.65974928,149648.94,148681.65974928,-20373.61945,-28.8987509929078
887,TORRB2,2024,202411,2120.62916666667,223.44,441634.760400746,450141.71195,441634.760400746,94603.499242125,44.6110525730571
888,TORRB2,2024,202411,685,223.44,145806.58465128,145403.58,145806.58465128,11592.1569,16.9228567883212
889,TORRB2,2024,202411,241.666666666667,223.44,51197.05678248,51298.1,51197.05678248,4844.48498333333,20.0461447586207
890,TORRB2,2024,202412,1345,225.243878,284031.433143675,287805.3651145,284031.433143675,-5378.4412,-3.99884104089219
891,TORRB2,2024,202412,2465,225.243878,519085.5445125,527464.8513065,519085.5445125,46153.01515,18.7233327180527
892,TORRB2,2024,202412,4093.41666666667,225.243878,864174.6481275,875916.192056342,864174.6481275,-36461.9774733333,-8.90746787891126
964,TORRB3,2022,202201,883.333333333333,148.99,,125027.441666667,125027.441666667,30143.753,34.1250033962264
965,TORRB3,2022,202201,6201.41666666667,148.99,,877751.615708334,877751.615708334,110956.113958333,17.8920591733072
966,TORRB3,2022,202201,2576.33333333333,148.99,,364655.508166667,364655.508166667,191891.990281667,74.4825942353474
967,TORRB3,2022,202201,660,148.99,,93416.73,93416.73,21717.4829,32.9052771212121
968,TORRB3,2022,202201,2595,148.99,,367297.5975,367297.5975,-35948.9050833333,-13.8531426140013
969,TORRB3,2022,202201,533.333333333333,148.99,,75488.2666666667,75488.2666666667,5254.58386666667,9.85234475
970,TORRB3,2022,202201,1503.33333333333,148.99,,212782.551666667,212782.551666667,58412.7787666667,38.855506940133
971,TORRB3,2022,202201,747.5,148.99,,105801.52375,105801.52375,15299.654525,20.4677652508361
972,TORRB3,2022,202201,448.333333333333,148.99,,63457.3241666667,63457.3241666667,70834.4256166667,157.995001375465
973,TORRB3,2022,202202,359.2625,134.38039,,45863.9431192562,45863.9431192562,-13214.5807200833,-36.7825217496492
974,TORRB3,2022,202202,333.25,134.38039,,42543.151719125,42543.151719125,-10414.6697733333,-31.2518222755689
975,TORRB3,2022,202202,310.833333333333,134.38039,,39681.4093304167,39681.4093304167,-5712.89895666667,-18.3792995924933
976,TORRB3,2022,202202,555.166666666667,134.38039,,70873.3375225833,70873.3375225833,-121.968210833334,-0.219696567096968
977,TORRB3,2022,202202,195.25,134.38039,,24925.882590125,24925.882590125,3852.31301166667,19.7301562697397
978,TORRB3,2022,202202,310,134.38039,,39575.024855,39575.024855,-2655.19206666667,-8.56513569892473
979,TORRB3,2022,202202,420,134.38039,,53617.77561,53617.77561,-15777.4961,-37.5654669047619
980,TORRB3,2022,202202,971.666666666667,134.38039,,124044.298335833,124044.298335833,28318.5830333333,29.1443393138937
981,TORRB3,2022,202202,235,134.38039,,30000.4220675,30000.4220675,-1041.32043333333,-4.43115078014184
982,TORRB3,2022,202202,53.3333333333333,134.38039,,6808.60642666667,6808.60642666667,-2344.07723333333,-43.951448125
983,TORRB3,2022,202202,389.166666666667,134.38039,,49681.5500195833,49681.5500195833,7745.58415,19.9029999571734
984,TORRB3,2022,202202,310.833333333333,134.38039,,39681.4093304167,39681.4093304167,-7034.36248333333,-22.6306567828418
985,TORRB3,2022,202202,313.333333333333,134.38039,,40000.5627566667,40000.5627566667,-2003.20006666667,-6.39319170212766
986,TORRB3,2022,202202,700,134.38039,,89362.95935,89362.95935,18598.7658833333,26.5696655476191
987,TORRB3,2022,202202,340.083333333333,134.38039,,43415.5044175417,43415.5044175417,21735.06294375,63.91099125827
988,TORRB3,2022,202202,1666.95833333333,134.38039,,212806.185399729,212806.185399729,43647.7538279167,26.1840700844852
989,TORRB3,2022,202202,543.333333333333,134.38039,,69362.6779716667,69362.6779716667,40555.0699,74.6412329447853
990,TORRB3,2022,202203,1615.75,121.1744,,185998.15996,185998.15996,-28739.0888425,-17.7868413074424
991,TORRB3,2022,202203,3346.5,121.1744,,385234.62312,385234.62312,-85.5474016666663,-0.0255632456795656
992,TORRB3,2022,202203,259.666666666667,121.1744,,29891.7049066667,29891.7049066667,7613.89719,29.3218120282413
993,TORRB3,2022,202203,373.916666666667,121.1744,,43043.6713466667,43043.6713466667,-1460.78074625,-3.90670134945398
994,TORRB3,2022,202203,351.166666666667,121.1744,,40424.7896266667,40424.7896266667,-2039.30751166667,-5.80723543901281
995,TORRB3,2022,202203,361.916666666667,121.1744,,41662.2831866667,41662.2831866667,3325.25634166667,9.18790607874741
996,TORRB3,2022,202203,387.166666666667,121.1744,,44568.9541066667,44568.9541066667,2313.41136541667,5.97523383232888
997,TORRB3,2022,202203,319.75,121.1744,,36808.23868,36808.23868,-169.11020625,-0.528882584050039
998,TORRB3,2022,202203,240.333333333333,121.1744,,27666.1350933333,27666.1350933333,-4427.53320333333,-18.4224682524272
999,TORRB3,2022,202203,365.5,121.1744,,42074.78104,42074.78104,15448.4190354167,42.2665363486092
1000,TORRB3,2022,202203,2279.16666666667,121.1744,,262367.820666667,262367.820666667,33771.6369916667,14.8175372541133
1001,TORRB3,2022,202204,571.666666666667,156.547398,,85018.2827305,85018.2827305,77960.6385916667,136.374294912536
1002,TORRB3,2022,202204,470.833333333333,156.547398,,70022.34656375,70022.34656375,38772.278675,82.3482024955752
1003,TORRB3,2022,202204,705,156.547398,,104847.6198105,104847.6198105,-5948.65226666667,-8.43780463356974
1004,TORRB3,2022,202206,994.333333333333,241.38,,228011.571,228011.571,49228.4603,49.5090113643983
1005,TORRB3,2022,202206,677.125,241.38,,155272.210875,155272.210875,207133.710289583,305.901732013415
1006,TORRB3,2022,202206,953.75,241.38,,218705.36625,218705.36625,123125.131933333,129.095813298384
1007,TORRB3,2022,202207,1501.66666666667,349.636434,,498785.5094705,498785.5094705,57016.6899666667,37.9689389345172
1008,TORRB3,2022,202207,565,349.636434,,187667.3559495,187667.3559495,57342.0736333333,101.490395811209
1009,TORRB3,2022,202207,505.416666666667,349.636434,,167876.476966625,167876.476966625,91917.4231916667,181.864646051113
1010,TORRB3,2022,202207,800,349.636434,,265723.68984,265723.68984,91809.9233333333,114.762404166667
1011,TORRB3,2022,202207,2493.75,349.636434,,828310.564423125,828310.564423125,131693.990208333,52.8096201336675
1012,TORRB3,2022,202208,4495,378.37086,,1615738.164915,1615738.164915,160206.341533333,35.6410103522432
1013,TORRB3,2022,202208,686.25,378.37086,,246674.15254125,246674.15254125,36591.8205975,53.3214143497268
1014,TORRB3,2022,202208,261.666666666667,378.37086,,94056.689615,94056.689615,28834.6996,110.196304203822
1015,TORRB3,2022,202208,543.333333333333,378.37086,,195302.42557,195302.42557,39403.8523666667,72.5224276687117
1016,TORRB3,2022,202208,263.333333333333,378.37086,,94655.77681,94655.77681,-5555.1477,-21.0954975949367
1017,TORRB3,2022,202208,1106.5,378.37086,,397733.9887605,397733.9887605,92569.0739766667,83.6593528935081
1018,TORRB3,2022,202208,1183.33333333333,378.37086,,425351.90845,425351.90845,108017.0853,91.2820439154929
1019,TORRB3,2022,202208,220,378.37086,,79079.50974,79079.50974,-9521.46763333333,-43.2793983333333
1020,TORRB3,2022,202208,561.666666666667,378.37086,,201892.384715,201892.384715,32072.2823,57.1019862908012
1021,TORRB3,2022,202208,205,378.37086,,73687.724985,73687.724985,4164.16998333333,20.3130243089431
1022,TORRB3,2022,202208,1434.75,378.37086,,515724.21181575,515724.21181575,89668.0017583334,62.4973004065749
1023,TORRB3,2022,202209,188.833333333333,365.329174,,65537.0094058167,65537.0094058167,-3183.185895,-16.8571185966461
1024,TORRB3,2022,202209,1236.75,365.329174,,429229.813147275,429229.813147275,50265.3292333333,40.6430800350381
1025,TORRB3,2022,202209,963.333333333333,365.329174,,334337.082405667,334337.082405667,950.0443,0.986205155709342
1026,TORRB3,2022,202209,294.583333333333,365.329174,,102238.891548792,102238.891548792,-13311.2792479167,-45.1868036704385
1027,TORRB3,2022,202209,2665,365.329174,,924922.1362745,924922.1362745,-61990.0287666667,-23.2607987867417
1028,TORRB3,2022,202209,1509.25,365.329174,,523804.403066525,523804.403066525,128679.887626667,85.2608167147038
1029,TORRB3,2022,202209,317.704166666667,365.329174,,110263.270745457,110263.270745457,-12605.2784882083,-39.6761509943737
1030,TORRB3,2022,202209,315.25,365.329174,,109411.520998325,109411.520998325,35136.8445375,111.457080214116
1031,TORRB3,2022,202209,645,365.329174,,223855.4513685,223855.4513685,51986.0202166667,80.5984809560724
1032,TORRB3,2022,202210,320,350.642642,,106595.363168,106595.363168,-7990.80283333333,-24.9712588541667
1033,TORRB3,2022,202210,240,350.642642,,79946.522376,79946.522376,-5983.65106666667,-24.9318794444444
1034,TORRB3,2022,202210,263.333333333333,350.642642,,87719.1009403333,87719.1009403333,4004.21693333333,15.2058870886076
1035,TORRB3,2022,202210,303.333333333333,350.642642,,101043.521336333,101043.521336333,-9152.36823333333,-30.1726425274725
1036,TORRB3,2022,202210,303.333333333333,350.642642,,101043.521336333,101043.521336333,-7525.7725,-24.810239010989
1037,TORRB3,2022,202210,301.666666666667,350.642642,,100488.337153167,100488.337153167,4627.62741666667,15.3402013812155
1038,TORRB3,2022,202210,205,350.642642,,68287.6545295,68287.6545295,-10081.0912166667,-49.1760547154472
1039,TORRB3,2022,202210,645,350.642642,,214856.2788855,214856.2788855,37196.2798333333,57.6686509043928
1040,TORRB3,2022,202210,621.666666666667,350.642642,,207083.700321167,207083.700321167,-24017.72065,-38.6344031903485
1041,TORRB3,2022,202210,320,350.642642,,106595.363168,106595.363168,81013.2019333333,253.166256041667
1042,TORRB3,2022,202210,321.666666666667,350.642642,,107150.547351167,107150.547351167,-4683.82676666667,-14.5611194818653
1043,TORRB3,2022,202210,136.975,350.642642,,45627.8120935525,45627.8120935525,3693.9463495,26.9680332140902
1044,TORRB3,2022,202210,878.333333333333,350.642642,,292582.064528833,292582.064528833,111585.469089167,127.042279797913
1045,TORRB3,2022,202210,2860,350.642642,,952696.058314,952696.058314,15075.8988166667,5.27129329254079
1046,TORRB3,2022,202210,4225,350.642642,,1407391.9043275,1407391.9043275,35638.3750333333,8.43511835108481
1047,TORRB3,2022,202211,216.958333333333,346.31752,,71379.6483461667,71379.6483461667,19840.9187541667,91.4503649126176
1048,TORRB3,2022,202211,383.333333333333,346.31752,,126117.296866667,126117.296866667,-2075.26263333333,-5.41372860869565
1049,TORRB3,2022,202211,343.333333333333,346.31752,,112957.231106667,112957.231106667,-3979.68266666667,-11.5913087378641
1050,TORRB3,2022,202211,236.5,346.31752,,77808.888806,77808.888806,27490.7775691667,116.240074288231
1051,TORRB3,2022,202211,585,346.31752,,192465.96174,192465.96174,3298.08525,5.63775256410257
1052,TORRB3,2022,202211,33.9166666666667,346.31752,,11158.6390923333,11158.6390923333,-935.222190416667,-27.5741186363636
1053,TORRB3,2022,202212,185,333.58121,,58626.8976575,58626.8976575,4148.50121666667,22.4243309009009
1054,TORRB3,2022,202212,380,333.58121,,120422.81681,120422.81681,-23896.4327,-62.8853492105263
1055,TORRB3,2022,202212,1263.33333333333,333.58121,,400353.048868333,400353.048868333,20941.8461,16.5766591820581
1056,TORRB3,2022,202212,6645,333.58121,,2105814.7834275,2105814.7834275,-79118.9588333333,-11.9065400802608
1057,TORRB3,2022,202212,1523.33333333333,333.58121,,482747.607738333,482747.607738333,-53175.4699333333,-34.907310678337
1058,TORRB3,2023,202301,476.770833333333,326.163896,,147730.160874208,147730.160874208,781.264594125,1.63865853257592
1059,TORRB3,2023,202301,1121.66666666667,326.163896,,347554.811512667,347554.811512667,-1885.11595,-1.68063829123328
1060,TORRB3,2023,202301,2213.75,326.163896,,685943.0585315,685943.0585315,-19803.06182,-8.94548247092038
1061,TORRB3,2023,202301,1291.125,326.163896,,400062.44221185,400062.44221185,-8995.39536875,-6.96709874624843
1062,TORRB3,2023,202301,253,326.163896,,78393.4924036,78393.4924036,5303.34635166667,20.96184328722
1063,TORRB3,2023,202301,363.266666666667,326.163896,,112560.247722587,112560.247722587,-18785.324315875,-51.7122159548771
1064,TORRB3,2023,202301,650,326.163896,,201406.20578,201406.20578,-6086.9991,-9.364614
1065,TORRB3,2023,202301,285,326.163896,,88308.874842,88308.874842,33933.26365,119.064082982456
1066,TORRB3,2023,202301,525,326.163896,,162674.24313,162674.24313,-11243.58165,-21.416346
1067,TORRB3,2023,202301,264.541666666667,326.163896,,81969.7436216167,81969.7436216167,-402.193966,-1.52034260261458
1068,TORRB3,2023,202301,371.5,326.163896,,115111.3929958,115111.3929958,-6489.88971416667,-17.469420495738
1069,TORRB3,2023,202302,396.833333333333,327.694039,,123537.921919342,123537.921919342,-10410.7093979167,-26.2344629934901
1070,TORRB3,2023,202302,2208.70833333333,327.694039,,687591.526986811,687591.526986811,-42942.185395,-19.4422164062706
1071,TORRB3,2023,202302,377.458333333333,327.694039,,117506.303513998,117506.303513998,-13792.4844175,-36.5404157213821
1072,TORRB3,2023,202302,290.541666666667,327.694039,,90448.3336354021,90448.3336354021,-1489.854495,-5.12785140972322
1073,TORRB3,2023,202302,249.041666666667,327.694039,,77528.9961478271,77528.9961478271,-9263.80253208333,-37.1978017015225
1074,TORRB3,2023,202302,640,327.694039,,199237.975712,199237.975712,35231.4151333333,55.0490861458333
1075,TORRB3,2023,202302,226.291666666667,327.694039,,70446.7087299396,70446.7087299396,-4973.00199833333,-21.9760721708709
1076,TORRB3,2023,202302,3174,327.694039,,988095.8357967,988095.8357967,85893.08775,27.0614643194707
1077,TORRB3,2023,202302,480,327.694039,,149428.481784,149428.481784,28870.3136666667,60.1464868055556
1078,TORRB3,2023,202302,297.25,327.694039,,92536.7004381125,92536.7004381125,-18270.3833008333,-61.4647041239137
1079,TORRB3,2023,202302,329.416666666667,327.694039,,102550.484113221,102550.484113221,-10677.6386233333,-32.4137777586643
1080,TORRB3,2023,202302,630.75,327.694039,,196358.364344288,196358.364344288,7225.938215,11.4561049782006
1081,TORRB3,2023,202302,223.333333333333,327.694039,,69525.7519411667,69525.7519411667,4055.274,18.1579432835821
1082,TORRB3,2023,202302,485,327.694039,,150985.02846925,150985.02846925,6735.1085,13.8868216494845
1083,TORRB3,2023,202302,253.975,327.694039,,79064.7888772738,79064.7888772738,-682.393079791667,-2.68685138218985
1084,TORRB3,2023,202303,324.791666666667,329.44,,101649.398333333,101649.398333333,-10608.8331805,-32.6635017744708
1085,TORRB3,2023,202303,332.25,329.44,,103983.618,103983.618,801.60685625,2.41266171933785
1086,TORRB3,2023,202303,661.666666666667,329.44,,207080.493333333,207080.493333333,3122.0343,4.71843974811083
1087,TORRB3,2023,202303,355,329.44,,111103.64,111103.64,1007.2217,2.83724422535211
1088,TORRB3,2023,202303,500,329.44,,156484,156484,-20041.3417666667,-40.0826835333333
1089,TORRB3,2023,202303,743.333333333333,329.44,,232639.546666667,232639.546666667,8349.50076666667,11.2325122421525
1090,TORRB3,2023,202303,297.833333333333,329.44,,93212.3026666667,93212.3026666667,-7391.9131225,-24.8189584415221
1091,TORRB3,2023,202303,280,329.44,,87631.04,87631.04,-2387.6664,-8.52738
1092,TORRB3,2023,202303,361.666666666667,329.44,,113190.093333333,113190.093333333,-14006.9515333333,-38.7288982488479
1093,TORRB3,2023,202303,1361.66666666667,329.44,,426158.093333333,426158.093333333,7180.80138333333,5.27353834761322
1094,TORRB3,2023,202303,345,329.44,,107973.96,107973.96,4748.54083333333,13.76388647343
1095,TORRB3,2023,202303,303.333333333333,329.44,,94933.6266666667,94933.6266666667,7278.42556666667,23.9948095604396
1096,TORRB3,2023,202303,380,329.44,,118927.84,118927.84,-14479.8916,-38.1049778947368
1097,TORRB3,2023,202303,685,329.44,,214383.08,214383.08,-12594.51295,-18.3861502919708
1098,TORRB3,2023,202303,345,329.44,,107973.96,107973.96,-453.840033333333,-1.31547835748792
1099,TORRB3,2023,202303,625,329.44,,195605,195605,-13014.4099,-20.82305584
1100,TORRB3,2023,202303,322.541666666667,329.44,,100945.220333333,100945.220333333,-10187.9794024167,-31.5865528559618
1101,TORRB3,2023,202304,282.666666666667,328.020723,,88084.4981496,88084.4981496,-1331.76687,-4.71143939858491
1102,TORRB3,2023,202304,455,328.020723,,141786.95751675,141786.95751675,6397.9282,14.0613806593407
1103,TORRB3,2023,202304,134.779166666667,328.020723,,41999.8417105706,41999.8417105706,-11042.9915190833,-81.9339649605837
1104,TORRB3,2023,202304,521,328.020723,,162353.85684885,162353.85684885,-15028.7066491667,-28.8458860828535
1105,TORRB3,2023,202306,2214.525,298.44,,627857.69895,627857.69895,-16220.9636257917,-7.32480492466406
1106,TORRB3,2023,202307,563.333333333333,249.149392,,133336.449618667,133336.449618667,-16122.9215,-28.6205707100592
1107,TORRB3,2023,202308,420,230.44,,91945.56,91945.56,10115.2456,24.0839180952381
1108,TORRB3,2023,202308,243.333333333333,230.44,,53270.0466666667,53270.0466666667,70.9272666666664,0.291481917808218
1109,TORRB3,2023,202308,263.333333333333,230.44,,57648.4066666667,57648.4066666667,4708.85613333333,17.8817321518987
1110,TORRB3,2023,202308,645,230.44,,141202.11,141202.11,-13426.8544833333,-20.8168286563307
1111,TORRB3,2023,202308,623.333333333333,230.44,,136458.886666667,136458.886666667,-5048.24826666667,-8.09879401069519
1112,TORRB3,2023,202308,262.945833333333,230.44,,57563.5759416667,57563.5759416667,-5932.534212125,-22.5618110654919
1113,TORRB3,2023,202308,208.333333333333,230.44,,45607.9166666667,45607.9166666667,-10609.5984670833,-50.926072642
1114,TORRB3,2023,202308,4.33333333333333,230.44,,948.644666666667,948.644666666667,-34.1834316666667,-7.88848423076923
1115,TORRB3,2023,202308,409.141666666667,230.44,,89568.4753833333,89568.4753833333,-4132.99811079167,-10.101630920321
1116,TORRB3,2023,202308,32.25,230.44,,7060.1055,7060.1055,2440.71493083333,75.681083126615
1117,TORRB3,2023,202309,361.666666666667,220.767379,,75851.9919680833,75851.9919680833,-1073.24941666667,-2.9675099078341
1118,TORRB3,2023,202309,1501.66666666667,220.767379,,314943.063425083,314943.063425083,-55011.2094166667,-36.6334357935627
1119,TORRB3,2023,202309,1280,220.767379,,268453.132864,268453.132864,-44163.1691,-34.502475859375
1120,TORRB3,2023,202309,683.333333333333,220.767379,,143314.823534167,143314.823534167,15776.4180666667,23.0874410731707
1121,TORRB3,2023,202309,263.333333333333,220.767379,,55228.6393131667,55228.6393131667,411.028366666667,1.56086721518987
1122,TORRB3,2023,202309,143.333333333333,220.767379,,30061.1581071667,30061.1581071667,3350.90213333333,23.3783869767442
1123,TORRB3,2023,202309,243.333333333333,220.767379,,51034.0591121667,51034.0591121667,-13500.2002666667,-55.4802750684932
1124,TORRB3,2023,202309,283.333333333333,220.767379,,59423.2195141667,59423.2195141667,-3468.5279,-12.2418631764706
1125,TORRB3,2023,202309,925,220.767379,,193999.33429625,193999.33429625,-23794.74515,-25.7240488108108
1126,TORRB3,2023,202309,2135.2,220.767379,,447813.38225876,447813.38225876,9096.09550375,4.26006720857531
1127,TORRB3,2023,202309,280,220.767379,,58724.122814,58724.122814,2202.41773333333,7.86577761904762
1128,TORRB3,2023,202309,1863.33333333333,220.767379,,390795.055393167,390795.055393167,9440.18203333333,5.06628731663685
1129,TORRB3,2023,202309,1783.33333333333,220.767379,,374016.734589167,374016.734589167,161562.864233333,90.595998635514
1130,TORRB3,2023,202309,325,220.767379,,68161.92826625,68161.92826625,-7154.56495,-22.014046
1131,TORRB3,2023,202309,241.666666666667,220.767379,,50684.5107620833,50684.5107620833,-8724.35393333333,-36.1007748965517
1132,TORRB3,2023,202311,235.083333333333,186.840043,40698.639567432,41726.8311031542,40698.639567432,-7434.17047666667,-31.6235539595888
1133,TORRB3,2023,202311,725,186.840043,125542.3411452,128686.07961625,125542.3411452,-18594.3869,-25.6474302068966
1134,TORRB3,2023,202311,445,186.840043,78839.54962325,78986.6281782501,78839.54962325,-24751.3918333333,-55.6211052434457
1135,TORRB3,2023,202311,345,186.840043,60445.300563725,61236.8240932501,60445.300563725,-5892.56816666667,-17.0799077294686
1136,TORRB3,2023,202311,365,186.840043,63403.7131362,64786.7849102501,63403.7131362,-15665.0600833333,-42.9179728310502
1137,TORRB3,2023,202311,1291.87083333333,186.840043,218184.017111274,229304.541947924,218184.017111274,31376.29224375,24.2874840380069
1138,TORRB3,2023,202311,341.666666666667,186.840043,57069.14662042,60645.1639570834,57069.14662042,16900.3199333333,49.4643510243903
1139,TORRB3,2023,202311,345,186.840043,57044.142974,61236.8240932501,57044.142974,-17486.14105,-50.6844668115942
1140,TORRB3,2023,202311,1380,186.840043,228072.69541458,244947.296373,228072.69541458,-6255.8991,-4.5332602173913
1141,TORRB3,2023,202311,1051.29166666667,186.840043,173416.761584612,186602.211195265,173416.761584612,90415.2445816667,86.0039582244065
1142,TORRB3,2023,202312,7645,180.025787,1250956.9643746,1307482.28453425,1250956.9643746,-67575.1746166667,-8.83913337039459
1143,TORRB3,2023,202312,323.333333333333,180.025787,53053.40928537,55297.9209068334,53053.40928537,-10788.3060666667,-33.3658950515464
1144,TORRB3,2023,202312,5183.33333333333,180.025787,848892.127704757,886476.979485834,848892.127704757,-49313.0939333333,-9.51378018006431
1145,TORRB3,2024,202401,6.25,178.56087,1406.963312724,1060.205165625,1406.963312724,372.416970833333,59.5867153333333
1146,TORRB3,2024,202401,1508.08333333333,178.56087,1406.963312724,255820.438430875,1406.963312724,30026.2778633333,19.9102245875007
1147,TORRB3,2024,202401,2540.76666666667,178.56087,416030.872373125,430997.43114365,416030.872373125,112942.841863375,44.4522684216214
1148,TORRB3,2024,202401,381.666666666667,178.56087,62294.85376121,64743.1954475,62294.85376121,-13247.9899,-34.7108905676856
1149,TORRB3,2024,202401,1520,178.56087,246575.84332216,257841.89628,246575.84332216,64674.9777333333,42.5493274561404
1150,TORRB3,2024,202401,2585,178.56087,420376.019553605,438500.8565025,420376.019553605,3373.07875,1.30486605415861
1151,TORRB3,2024,202401,500,178.56087,82857.785416955,84816.41325,82857.785416955,20236.5051333333,40.4730102666667
1152,TORRB3,2024,202401,511.666666666667,178.56087,84330.90792288,86795.4628925,84330.90792288,-18007.5332666667,-35.1938760912052
1153,TORRB3,2024,202401,523.333333333333,178.56087,86504.94718139,88774.512535,86504.94718139,-27418.3572333333,-52.3917654140128
1154,TORRB3,2024,202401,335.125,178.56087,55801.070058495,56848.2009808125,55801.070058495,-2303.94000875,-6.87486761283103
1155,TORRB3,2024,202401,2754.66666666667,178.56087,446317.125203885,467281.892732,446317.125203885,1300.7584875,0.472201774261859
1156,TORRB3,2024,202401,3045,178.56087,507207.434950935,516531.9566925,507207.434950935,-68958.2076333333,-22.646373607006
1157,TORRB3,2024,202401,5085,178.56087,835985.239548234,862582.9227525,835985.239548234,96640.8535,19.0050842674533
1158,TORRB3,2024,202402,6341.66666666667,179.119686,1043230.7351685,1079121.4749475,1043230.7351685,101188.821966667,15.9561874323259
1159,TORRB3,2024,202403,48.3166666666667,179.062355,7269.653788852,8219.11131312917,7269.653788852,-714.772683958333,-14.7935015651949
1160,TORRB3,2024,202403,2183.33333333333,179.062355,359138.98962395,371405.167995834,359138.98962395,95646.5909333333,43.8075989007634
1161,TORRB3,2024,202403,3021.66666666667,179.062355,493426.73223313,514013.411890417,493426.73223313,127227.366683333,42.1050303419746
1162,TORRB3,2024,202403,505,179.062355,82316.52725016,85905.16481125,82316.52725016,6925.6456,13.7141497029703
1163,TORRB3,2024,202404,218.745833333333,178.54827,35983.40112399,37103.8556058062,35983.40112399,-71.2096149166667,-0.325535868873693
1164,TORRB3,2024,202404,1240,178.54827,204271.80085104,210329.86206,204271.80085104,53900.5596333333,43.4681932526882
1165,TORRB3,2024,202404,201.916666666667,178.54827,33426.546325074,34249.277941625,33426.546325074,9107.57733083333,45.1056244201403
1166,TORRB3,2024,202404,365,178.54827,59140.1683536,61911.6126225,59140.1683536,1338.3871,3.66681397260274
1167,TORRB3,2024,202404,685,178.54827,111517.491540795,116190.2867025,111517.491540795,25128.86825,36.6844791970803
1168,TORRB3,2024,202404,305,178.54827,49360.34794585,51734.3612325,49360.34794585,1708.04833333333,5.60015846994536
1169,TORRB3,2024,202404,183.333333333333,178.54827,29371.424543955,31097.157025,29371.424543955,-1609.99716666667,-8.78180272727273
1170,TORRB3,2024,202404,1480,178.54827,243222.086123725,251038.86762,243222.086123725,11561.9723,7.81214344594595
1171,TORRB3,2024,202404,305,178.54827,49773.02784587,51734.3612325,49773.02784587,-1310.75878333333,-4.29756978142076
1172,TORRB3,2024,202404,305,178.54827,49143.632716445,51734.3612325,49143.632716445,-3931.99683333333,-12.8917928961749
1173,TORRB3,2024,202405,285,175.97,45730.523202075,47643.8775,45730.523202075,-2102.07796666667,-7.37571216374269
1174,TORRB3,2024,202405,203.333333333333,175.97,32199.53855967,33991.5383333333,32199.53855967,4872.8307,23.964741147541
1175,TORRB3,2024,202405,310,175.97,50677.510819068,51823.165,50677.510819068,-6295.18255333333,-20.3070404946237
1176,TORRB3,2024,202405,170.483333333333,175.97,26588.11218678,28499.9545583333,26588.11218678,4100.39254108333,24.05157419738
1177,TORRB3,2024,202405,2463.33333333333,175.97,390920.03449519,411799.128333333,390920.03449519,-18504.9816666667,-7.51217117726658
1178,TORRB3,2024,202406,481.666666666667,177.77,79552.40691804,81344.5891666667,79552.40691804,109042.067166667,226.384914532872
1179,TORRB3,2024,202406,645,177.77,114387.73063155,108928.5675,114387.73063155,32113.1664166667,49.7878549095607
1180,TORRB3,2024,202407,601.666666666667,215.965026,109985.796716435,123442.0094445,109985.796716435,10526.3680666667,17.4953485872576
1181,TORRB3,2024,202407,50.5541666666667,215.965026,10402.627952756,10372.0353226462,10402.627952756,501.601570666667,9.92206189400808
1182,TORRB3,2024,202407,585,215.965026,115474.41485671,120022.5631995,115474.41485671,465.448516666667,0.79563849002849
1183,TORRB3,2024,202407,1105,215.965026,218648.01492877,226709.2860435,218648.01492877,-12453.1447166667,-11.2698142232278
1184,TORRB3,2024,202407,253.833333333333,215.965026,49979.593698456,52078.16631135,49979.593698456,-19370.9056383333,-76.3134824885095
1185,TORRB3,2024,202407,211.666666666667,215.965026,41895.647955548,43426.9673115,41895.647955548,-9125.19739083333,-43.1111687755906
1186,TORRB3,2024,202408,641.666666666667,221.896944,131610.2846166,135264.67878,131610.2846166,-4945.16578333333,-7.70675187012987
1187,TORRB3,2024,202408,665,221.896944,139018.82912463,140183.394372,139018.82912463,5488.91586666667,8.25400882205514
1188,TORRB3,2024,202408,1505,221.896944,317122.776421695,317257.155684,317122.776421695,82433.1407666667,54.772851007752
1189,TORRB3,2024,202408,1503.33333333333,221.896944,310110.61506936,316905.818856,310110.61506936,45071.5987333333,29.9811078048781
1190,TORRB3,2024,202408,645,221.896944,131547.7467069,135967.352436,131547.7467069,32038.9950333333,49.6728605167959
1191,TORRB3,2024,202408,243.333333333333,221.896944,48992.6107168,51295.176888,48992.6107168,-1128.2734,-4.63674
1192,TORRB3,2024,202408,685,221.896944,139015.12168489,144399.436308,139015.12168489,-9593.5074,-14.0051202919708
1193,TORRB3,2024,202408,805,221.896944,164495.83413984,169695.687924,164495.83413984,47963.5709666667,59.5820757349897
1194,TORRB3,2024,202408,3485,221.896944,710575.67961276,734645.307348,710575.67961276,1438.6051,0.412799167862267
1195,TORRB3,2024,202408,1645,221.896944,334267.17166902,346769.449236,334267.17166902,-77350.9868333333,-47.0218764944276
1196,TORRB3,2024,202408,3954.5,221.896944,791896.108009275,833616.8917956,791896.108009275,-152934.236233333,-38.6734697770472
1197,TORRB3,2024,202409,645,220.036945,129448.40177346,134827.63804875,129448.40177346,47992.3113,74.4066841860465
1198,TORRB3,2024,202409,1598.33333333333,220.036945,,334107.764570417,334107.764570417,-59132.7453833333,-36.9965038894682
1199,TORRB3,2024,202409,3836.66666666667,220.036945,,801997.991700834,801997.991700834,192758.056166667,50.2410224587316
1200,TORRB3,2024,202409,320,220.036945,65859.412833785,66891.23128,65859.412833785,-12312.9366,-38.477926875
1201,TORRB3,2024,202409,2180,220.036945,443508.1660499,455696.513095,443508.1660499,36580.8153,16.7801905045872
1202,TORRB3,2024,202409,2405,220.036945,486156.41547895,502729.41008875,486156.41547895,-7002.1737,-2.91150673596674
1203,TORRB3,2024,202410,1963.33333333333,221.743223,394645.22990382,413588.068098834,394645.22990382,-2206.1601,-1.12368086587436
1204,TORRB3,2024,202410,1.70833333333333,221.743223,605.215759616,359.870772327084,605.215759616,27.4080879166667,16.0437587804878
1205,TORRB3,2024,202410,183.470833333333,221.743223,36815.6864825,38649.2432143377,36815.6864825,124915.579068292,680.847068707333
1206,TORRB3,2024,202410,2035.82083333333,221.743223,412045.044893766,428857.999382185,412045.044893766,29895.4229105833,14.6847023181477
1207,TORRB3,2024,202410,561.666666666667,221.743223,113908.5522048,118318.488072417,113908.5522048,11653.4240166667,20.7479359347181
1208,TORRB3,2024,202410,446.083333333333,221.743223,90641.1472310501,93970.1582569209,90641.1472310501,-25744.3909154167,-57.7120663151504
1209,TORRB3,2024,202410,435.625,221.743223,89714.236200645,91767.0469434063,89714.236200645,-21539.27761625,-49.4445397216643
1210,TORRB3,2024,202410,767.083333333333,221.743223,158347.126477995,161590.754110771,158347.126477995,249.651191666667,0.325455111352526
1211,TORRB3,2024,202410,1037.1125,221.743223,212512.588344835,218474.034945408,212512.588344835,21684.7404644583,20.9087639619215
1212,TORRB3,2024,202410,5445,221.743223,1131480.11594063,1147022.25677325,1131480.11594063,81590.20545,14.9844270798898
1213,TORRB3,2024,202411,1321.66666666667,223.44,271530.1078743,280547.54,271530.1078743,27591.7620166667,20.8764908070618
1214,TORRB3,2024,202411,401.666666666667,223.44,83526.53273496,85260.98,83526.53273496,-12591.2163833333,-31.3474266804979
1215,TORRB3,2024,202411,323.708333333333,223.44,67018.164975048,68712.9205,67018.164975048,-19724.42609125,-60.9327102831767
1216,TORRB3,2024,202411,367.343311666667,223.44,74436.07843644,77975.23008086,74436.07843644,7276.83054246667,19.8093454034894
1217,TORRB3,2024,202411,345,223.44,70394.3714838,73232.46,70394.3714838,-13426.1466,-38.9163669565217
1218,TORRB3,2024,202411,5325,223.44,1077064.33684248,1130327.1,1077064.33684248,71262.2736,13.3825865915493
1219,TORRB3,2024,202411,705,223.44,146572.7208624,149648.94,146572.7208624,13855.4995333333,19.6531908274232
1220,TORRB3,2024,202411,265,223.44,53337.30363528,56251.02,53337.30363528,6153.19251666667,23.2195944025157
1221,TORRB3,2024,202412,2465,225.243878,506858.1627375,527464.8513065,506858.1627375,45402.3014333333,18.4187835429344
1222,TORRB3,2024,202412,3377.91666666667,225.243878,697411.3187925,722812.297082792,697411.3187925,-48084.7034816667,-14.23501768299
1223,TORRB3,2024,202412,6805,225.243878,1915553.979225,1456145.3603005,1915553.979225,165650.936,24.3425328434974
1266,TORRB4,2022,202201,663.333333333333,148.99,,93888.5316666667,93888.5316666667,-10724.2998,-16.1672861306533
1267,TORRB4,2022,202201,2223,148.99,,314644.5315,314644.5315,16642.4457333333,7.48648031189084
1268,TORRB4,2022,202201,367.708333333333,148.99,,52045.6213541667,52045.6213541667,7194.55348729167,19.565924498017
1269,TORRB4,2022,202201,295.208333333333,148.99,,41783.9351041667,41783.9351041667,-1897.09048875,-6.42627688496824
1270,TORRB4,2022,202201,331.258333333333,148.99,,46886.4701291667,46886.4701291667,3577.48847558333,10.7996935189052
1271,TORRB4,2022,202201,363.333333333333,148.99,,51426.3816666667,51426.3816666667,1815.34583333333,4.99636467889908
1272,TORRB4,2022,202201,2206.66666666667,148.99,,312332.703333333,312332.703333333,-46321.6758716667,-20.9916960143505
1273,TORRB4,2022,202201,477.666666666667,148.99,,67609.1788333334,67609.1788333334,4164.34937916667,8.7181075628053
1274,TORRB4,2022,202201,491.041666666667,148.99,,69502.2830208333,69502.2830208333,7769.42913125,15.8223418879932
1275,TORRB4,2022,202201,596.083333333333,148.99,,84369.9330416667,84369.9330416667,24108.0210233333,40.4440447756186
1276,TORRB4,2022,202201,290.916666666667,148.99,,41176.4904583333,41176.4904583333,-6904.64615416667,-23.7341030793469
1277,TORRB4,2022,202201,496.166666666667,148.99,,70227.6780833334,70227.6780833334,74091.9185491667,149.328690391334
1278,TORRB4,2022,202202,397.166666666667,134.38039,,50702.8409835833,50702.8409835833,-9856.62214166667,-24.8173448804029
1279,TORRB4,2022,202202,1749.41666666667,134.38039,,223332.929242208,223332.929242208,9592.132265,5.48304611918259
1280,TORRB4,2022,202202,2908.33333333333,134.38039,,371281.819204167,371281.819204167,71156.2660083333,24.4663378825215
1281,TORRB4,2022,202202,200,134.38039,,25532.2741,25532.2741,4095.4566,20.477283
1282,TORRB4,2022,202202,233.833333333333,134.38039,,29851.4838019167,29851.4838019167,-3480.82974,-14.8859432929437
1283,TORRB4,2022,202202,390.041666666667,134.38039,,49793.2537187708,49793.2537187708,-15449.0431954167,-39.608699571627
1284,TORRB4,2022,202202,338.333333333333,134.38039,,43192.0970191667,43192.0970191667,-2422.7476625,-7.16083052955665
1285,TORRB4,2022,202202,226.583333333333,134.38039,,28925.9388657917,28925.9388657917,-1197.33512083333,-5.28430358587716
1286,TORRB4,2022,202202,312.125,134.38039,,39846.3052673125,39846.3052673125,5804.92923375,18.598091257509
1287,TORRB4,2022,202202,300.958333333333,134.38039,,38420.7532967292,38420.7532967292,-6763.26626708333,-22.4724339484979
1288,TORRB4,2022,202202,288.958333333333,134.38039,,36888.8168507292,36888.8168507292,-2437.5554725,-8.43566421629416
1289,TORRB4,2022,202202,314.708333333333,134.38039,,40176.0971411042,40176.0971411042,-3478.09573208333,-11.0518069071892
1290,TORRB4,2022,202202,1517.2125,134.38039,,193689.427089731,193689.427089731,39954.6994675,26.3342804435766
1291,TORRB4,2022,202203,7.75,121.1744,,892.14652,892.14652,379.654599166667,48.9876902150538
1292,TORRB4,2022,202203,149.416666666667,121.1744,,17200.2011866667,17200.2011866667,2309.13646875,15.4543433491355
1293,TORRB4,2022,202203,250.291666666667,121.1744,,28812.4954066667,28812.4954066667,-1500.03285375,-5.99313941901115
1294,TORRB4,2022,202203,201.666666666667,121.1744,,23214.9954666667,23214.9954666667,5476.23726666667,27.1548955371901
1295,TORRB4,2022,202203,247.404166666667,121.1744,,28480.0988806667,28480.0988806667,-2390.02929433333,-9.66042458595079
1296,TORRB4,2022,202203,312.166666666667,121.1744,,35935.2781066667,35935.2781066667,115.095237083333,0.368698036572344
1297,TORRB4,2022,202203,700.25,121.1744,,80609.75492,80609.75492,28287.5998041667,40.3964295668214
1298,TORRB4,2022,202203,323.333333333333,121.1744,,37220.7365333333,37220.7365333333,-1302.17046666667,-4.02733134020619
1299,TORRB4,2022,202203,3033.58333333333,121.1744,,349213.008253333,349213.008253333,13365.1226566667,4.40572128341071
1300,TORRB4,2022,202204,202.166666666667,156.547398,,30066.23234755,30066.23234755,-2031.21495583333,-10.0472297897774
1301,TORRB4,2022,202204,541.666666666667,156.547398,,80556.6818875,80556.6818875,35367.6116666667,65.2940523076923
1302,TORRB4,2022,202204,541.666666666667,156.547398,,80556.6818875,80556.6818875,33044.0481,61.0043964923077
1303,TORRB4,2022,202204,215.416666666667,156.547398,,32036.772719875,32036.772719875,10963.0034041667,50.8920854352031
1304,TORRB4,2022,202204,227.666666666667,156.547398,,33858.5930641,33858.5930641,4967.63478833333,21.8197721303075
1305,TORRB4,2022,202204,685,156.547398,,101873.2192485,101873.2192485,-8434.6661,-12.3133811678832
1306,TORRB4,2022,202204,210.666666666667,156.547398,,31330.3525864,31330.3525864,-16404.2483,-77.8682672468355
1307,TORRB4,2022,202204,202.25,156.547398,,30078.625683225,30078.625683225,15101.5544783333,74.6677600906469
1308,TORRB4,2022,202205,160,252.61979,,38398.20808,38398.20808,-7376.35863333333,-46.1022414583333
1309,TORRB4,2022,202205,500,252.61979,,119994.40025,119994.40025,23282.3141666667,46.5646283333333
1310,TORRB4,2022,202205,1426.83333333333,252.61979,,342424.020180084,342424.020180084,150002.97495,105.129990620255
1311,TORRB4,2022,202205,2460.83333333333,252.61979,,590572.439897084,590572.439897084,600050.63605,243.840421015916
1312,TORRB4,2022,202205,193.333333333333,252.61979,,46397.8347633334,46397.8347633334,15981.4201333333,82.6625179310345
1313,TORRB4,2022,202205,523.333333333333,252.61979,,125594.138928333,125594.138928333,31160.7075666667,59.5427533121019
1314,TORRB4,2022,202207,1523.33333333333,349.636434,,505982.192737,505982.192737,52075.8569,34.18546404814
1315,TORRB4,2022,202207,483.333333333333,349.636434,,160541.395945,160541.395945,28583.068,59.1373820689655
1316,TORRB4,2022,202207,683.333333333333,349.636434,,226972.318405,226972.318405,76733.4242333333,112.29281595122
1317,TORRB4,2022,202208,220,378.37086,,79079.50974,79079.50974,-9521.46763333333,-43.2793983333333
1318,TORRB4,2022,202208,1665,378.37086,,598488.107805,598488.107805,67610.41985,40.6068587687688
1319,TORRB4,2022,202209,1580,365.329174,,548359.090174,548359.090174,155556.502766667,98.4534827637131
1320,TORRB4,2022,202209,723.333333333333,365.329174,,251042.030733667,251042.030733667,-31479.2395,-43.5196859447005
1321,TORRB4,2022,202209,2652.08333333333,365.329174,,920439.242868542,920439.242868542,-63866.7004091667,-24.0817095022781
1322,TORRB4,2022,202209,1620.83333333333,365.329174,,562530.817715417,562530.817715417,147091.349125,90.7504467609255
1323,TORRB4,2022,202210,289.375,350.642642,,96393.8538023125,96393.8538023125,-5599.71077625,-19.3510523585313
1324,TORRB4,2022,202210,260,350.642642,,86608.732574,86608.732574,-10053.2811666667,-38.666466025641
1325,TORRB4,2022,202210,563.333333333333,350.642642,,187652.253910333,187652.253910333,56851.0344,100.918995976331
1326,TORRB4,2022,202210,263.333333333333,350.642642,,87719.1009403333,87719.1009403333,-6689.8229,-25.4043907594937
1327,TORRB4,2022,202211,380,346.31752,,125020.62472,125020.62472,16014.6019666667,42.1436893859649
1328,TORRB4,2022,202211,65.3333333333333,346.31752,,21494.7740746667,21494.7740746667,138671.0905275,2122.51669174745
1329,TORRB4,2022,202211,446.333333333333,346.31752,,146844.400438667,146844.400438667,-15225.1826091667,-34.1116862042569
1330,TORRB4,2022,202211,1829.08333333333,346.31752,,601771.423679667,601771.423679667,-205062.825469167,-112.112347060458
1331,TORRB4,2022,202211,123.333333333333,346.31752,,40576.8694266667,40576.8694266667,7773.51553333334,63.0285043243243
1332,TORRB4,2022,202211,263.333333333333,346.31752,,86637.0995866667,86637.0995866667,-131.412333333334,-0.499034177215191
1333,TORRB4,2022,202211,623.333333333333,346.31752,,205077.691426667,205077.691426667,-31642.8851666667,-50.7639868983957
1334,TORRB4,2022,202211,460,346.31752,,151340.75624,151340.75624,-36688.3045333333,-79.7571837681159
1335,TORRB4,2022,202211,303.333333333333,346.31752,,99797.1653466667,99797.1653466667,-8121.19133333333,-26.7731582417582
1336,TORRB4,2022,202211,313.25,346.31752,,103059.764983,103059.764983,-4759.55393,-15.1941067198723
1337,TORRB4,2022,202211,2191.66666666667,346.31752,,721061.936433333,721061.936433333,102796.99014,46.9035696456274
1338,TORRB4,2022,202212,517.416666666667,333.58121,,163970.453853792,163970.453853792,13872.170645,26.8104441520374
1339,TORRB4,2022,202212,16.875,333.58121,,5347.7237728125,5347.7237728125,-837.848284166667,-49.650268691358
1340,TORRB4,2022,202212,276.583333333333,333.58121,,87649.8528492083,87649.8528492083,-10902.7873508333,-39.4195384784574
1341,TORRB4,2022,202212,453.3,333.58121,,143651.74436835,143651.74436835,-15762.8695333333,-34.7735926171042
1342,TORRB4,2022,202212,4498.58333333333,333.58121,,1425610.72803821,1425610.72803821,-68702.3804283333,-15.2720035036956
1343,TORRB4,2022,202212,1583.33333333333,333.58121,,501761.736708333,501761.736708333,-54175.6786,-34.2162180631579
1344,TORRB4,2022,202212,563.333333333333,333.58121,,178521.544218333,178521.544218333,13722.8255,24.3600452662722
1345,TORRB4,2022,202212,245,333.58121,,77641.0266275,77641.0266275,4425.61698333333,18.0637427891157
1346,TORRB4,2022,202212,365,333.58121,,115669.2845675,115669.2845675,-8409.0503,-23.0384939726027
1347,TORRB4,2022,202212,273,333.58121,,86514.2868135,86514.2868135,-9637.04591916667,-35.300534502442
1348,TORRB4,2022,202212,352.416666666667,333.58121,,111681.599186292,111681.599186292,-5218.47255333333,-14.8076780893828
1349,TORRB4,2022,202212,314.5,333.58121,,99665.72601775,99665.72601775,-14031.2247908333,-44.6143872522523
1350,TORRB4,2022,202212,208.25,333.58121,,65994.872633375,65994.872633375,-3951.20195666667,-18.9733587354942
1351,TORRB4,2022,202212,3530,333.58121,,1118664.587735,1118664.587735,82194.1438,23.28446
1352,TORRB4,2023,202301,505,326.163896,,156477.129106,156477.129106,9225.44176666667,18.2682015181518
1353,TORRB4,2023,202301,5165,326.163896,,1600404.696698,1600404.696698,-48883.4852166667,-9.46437274282026
1354,TORRB4,2023,202301,485,326.163896,,150280.015082,150280.015082,5318.13001666667,10.9652165292096
1355,TORRB4,2023,202301,1080,326.163896,,334644.157296,334644.157296,59056.3656666667,54.6818200617284
1356,TORRB4,2023,202301,294.816666666667,326.163896,,91350.6249754467,91350.6249754467,-16646.572204625,-56.4641490348522
1357,TORRB4,2023,202301,373.791666666667,326.163896,,115821.478977717,115821.478977717,-22544.77697125,-60.3137495608071
1358,TORRB4,2023,202301,249.916666666667,326.163896,,77438.1039915667,77438.1039915667,-4986.20078291667,-19.9514536162054
1359,TORRB4,2023,202301,277.35,326.163896,,85938.47872782,85938.47872782,-7297.46151254167,-26.3113809718466
1360,TORRB4,2023,202302,3210.66666666667,327.694039,,999510.511488533,999510.511488533,8216.3867575,2.55909055985258
1361,TORRB4,2023,202302,395.75,327.694039,,123200.670137538,123200.670137538,-13561.4823333333,-34.2678012213097
1362,TORRB4,2023,202302,633.333333333333,327.694039,,197162.580131667,197162.580131667,28471.4763333333,44.954962631579
1363,TORRB4,2023,202302,333.666666666667,327.694039,,103873.548795683,103873.548795683,-8981.70202583333,-26.9181878896104
1364,TORRB4,2023,202302,500,327.694039,,155654.668525,155654.668525,14371.3332,28.7426664
1365,TORRB4,2023,202302,200.454166666667,327.694039,,62403.2537339102,62403.2537339102,-1413.82417404167,-7.05310444552994
1366,TORRB4,2023,202302,318.320833333333,327.694039,,99096.2475942036,99096.2475942036,-17005.861221125,-53.4236513615718
1367,TORRB4,2023,202302,356.083333333333,327.694039,,110852.066434554,110852.066434554,1156.25328833333,3.24714239644278
1368,TORRB4,2023,202302,1303.33333333333,327.694039,,405739.835955167,405739.835955167,57661.6757,44.2416949104859
1369,TORRB4,2023,202303,326.125,329.44,,102066.689,102066.689,-13933.668909875,-42.7249334147183
1370,TORRB4,2023,202303,234,329.44,,73234.512,73234.512,-11120.335945,-47.5228031837607
1371,TORRB4,2023,202303,3285,329.44,,1028099.88,1028099.88,-8054.62756666667,-2.45194142059868
1372,TORRB4,2023,202303,321.666666666667,329.44,,100671.373333333,100671.373333333,-4869.43213333333,-15.138130984456
1373,TORRB4,2023,202303,217.083333333333,329.44,,67940.1366666667,67940.1366666667,-3480.17353666667,-16.0315095738964
1374,TORRB4,2023,202303,297.583333333333,329.44,,93134.0606666667,93134.0606666667,-14297.4581483333,-48.0452248053767
1375,TORRB4,2023,202303,372.083333333333,329.44,,116450.176666667,116450.176666667,-13430.92384875,-36.0965478577828
1376,TORRB4,2023,202303,310.25,329.44,,97098.322,97098.322,-27983.9000133333,-90.1979049583669
1377,TORRB4,2023,202303,214.541666666667,329.44,,67144.6763333333,67144.6763333333,-2256.44474125,-10.5175128743445
1378,TORRB4,2023,202303,232.625,329.44,,72804.181,72804.181,872.052774166667,3.74874916353215
1379,TORRB4,2023,202303,329.125,329.44,,103005.593,103005.593,-15082.1175033333,-45.8248917685783
1380,TORRB4,2023,202303,596.25,329.44,,186607.17,186607.17,-16071.5703808333,-26.9544157330538
1381,TORRB4,2023,202303,271.708333333333,329.44,,85036.0136666667,85036.0136666667,-3028.17352541667,-11.1449416669223
1382,TORRB4,2023,202303,256.5,329.44,,80276.292,80276.292,-14336.8523704167,-55.8941612881742
1383,TORRB4,2023,202304,65,328.020723,,20255.27964525,20255.27964525,2303.74178333333,35.4421812820513
1384,TORRB4,2023,202304,215.583333333333,328.020723,,67180.0108234125,67180.0108234125,-286.154550833333,-1.3273500618477
1385,TORRB4,2023,202305,540,323.134261,,165767.875893,165767.875893,67761.3031,125.48389462963
1386,TORRB4,2023,202305,170.625,323.134261,,52378.0441189688,52378.0441189688,6441.678225,37.7534254945055
1387,TORRB4,2023,202305,1120,323.134261,,343814.853704,343814.853704,24368.1609666667,21.757286577381
1388,TORRB4,2023,202305,555.166666666667,323.134261,,170423.702036908,170423.702036908,6604.97695416667,11.8972866181327
1389,TORRB4,2023,202305,119.916666666667,323.134261,,36811.7242916709,36811.7242916709,-1840.02983333333,-15.3442376650452
1390,TORRB4,2023,202306,1161.95833333333,298.44,,329436.10275,329436.10275,26116.4178177917,22.4762085425826
1391,TORRB4,2023,202306,250.041666666667,298.44,,70891.31325,70891.31325,4876.37691291667,19.5022572754541
1392,TORRB4,2023,202306,83.3333333333333,298.44,,23626.5,23626.5,353.3267,4.2399204
1393,TORRB4,2023,202307,968,249.149392,,229117.7808832,229117.7808832,-7017.55206041667,-7.24953725249656
1394,TORRB4,2023,202307,675.541666666667,249.149392,,159895.255744633,159895.255744633,-17939.9902595833,-26.5564526139518
1395,TORRB4,2023,202307,203.333333333333,249.149392,,48127.3575546667,48127.3575546667,3302.58726666667,16.2422324590164
1396,TORRB4,2023,202307,605,249.149392,,143198.613052,143198.613052,18437.98615,30.4760101652893
1397,TORRB4,2023,202307,618.333333333333,249.149392,,146354.505350667,146354.505350667,3180.3899,5.14348770889488
1398,TORRB4,2023,202307,705,249.149392,,166867.805292,166867.805292,19714.2257166667,27.9634407328605
1399,TORRB4,2023,202308,1175.375,230.44,,257310.74425,257310.74425,-91343.43835,-77.714294033819
1400,TORRB4,2023,202308,283.333333333333,230.44,,62026.7666666667,62026.7666666667,-19608.0414,-69.204852
1401,TORRB4,2023,202308,185.470833333333,230.44,,40602.9038916667,40602.9038916667,225.238200041667,1.21441304809831
1402,TORRB4,2023,202308,685,230.44,,149958.83,149958.83,-14866.41725,-21.7027989051095
1403,TORRB4,2023,202308,563.333333333333,230.44,,123323.806666667,123323.806666667,-5819.30946666667,-10.330135147929
1404,TORRB4,2023,202308,265.958333333333,230.44,,58223.0664166667,58223.0664166667,-3678.431045375,-13.8308546277612
1405,TORRB4,2023,202309,301.666666666667,220.767379,,63268.2513650833,63268.2513650833,-18557.7105,-61.5172723756906
1406,TORRB4,2023,202309,1545,220.767379,,324031.32052725,324031.32052725,-29760.2243666667,-19.2622811434736
1407,TORRB4,2023,202310,1340,193.027186,,245723.607778,245723.607778,6032.93223333333,4.50218823383085
1408,TORRB4,2023,202310,301.666666666667,193.027186,,55318.3743878334,55318.3743878334,-11949.7201,-39.6123318232044
1409,TORRB4,2023,202310,301.666666666667,193.027186,,55318.3743878334,55318.3743878334,-9947.07488333333,-32.9737288950276
1410,TORRB4,2023,202310,280,193.027186,,51345.231476,51345.231476,-2663.09456666667,-9.51105202380952
1411,TORRB4,2023,202310,309.5,193.027186,,56754.81836365,56754.81836365,105.498562916667,0.340867731556274
1412,TORRB4,2023,202310,332.875,193.027186,,61041.2283127625,61041.2283127625,-2416.90548291667,-7.2606999111278
1413,TORRB4,2023,202310,290.291666666667,193.027186,,53232.4743591209,53232.4743591209,377.91273625,1.30183804650495
1414,TORRB4,2023,202310,253.666666666667,193.027186,,46516.3347062333,46516.3347062333,6608.77219916667,26.0529784461235
1415,TORRB4,2023,202310,2581.66666666667,193.027186,,473415.259263834,473415.259263834,-11927.57315,-4.62010580374435
1416,TORRB4,2023,202310,4683.33333333333,193.027186,,858810.121711667,858810.121711667,81915.7235,17.4909018149466
1417,TORRB4,2023,202310,200,193.027186,,36675.16534,36675.16534,2234.8382,11.174191
1418,TORRB4,2023,202310,252.3,193.027186,,46265.72107641,46265.72107641,-19059.2461091667,-75.5419980545647
1419,TORRB4,2023,202310,593.5125,193.027186,105856.117116318,108835.845344284,105856.117116318,-33195.7490061667,-55.9310023060452
1420,TORRB4,2023,202310,438.333333333333,193.027186,77750.77180168,80379.7373701667,77750.77180168,-54495.7336666667,-124.324867680608
1421,TORRB4,2023,202310,1560,193.027186,277923.56483113,286066.289652,277923.56483113,-69215.5916833333,-44.3689690277778
1422,TORRB4,2023,202311,365,186.840043,65323.81988189,64786.7849102501,65323.81988189,-752.258733333333,-2.06098283105023
1423,TORRB4,2023,202311,385,186.840043,67749.17752359,68336.7457272501,67749.17752359,6711.31636666667,17.4319905627706
1424,TORRB4,2023,202311,2305,186.840043,413821.50548958,409132.984159251,413821.50548958,-79059.3403333334,-34.2990630513377
1425,TORRB4,2023,202311,179.4,186.840043,31291.46783424,31843.1485284901,31291.46783424,-9372.82970841667,-52.2454275831475
1426,TORRB4,2023,202311,583.333333333333,186.840043,101541.12344116,103540.523829167,101541.12344116,3267.6225,5.60163857142857
1427,TORRB4,2023,202311,345,186.840043,58734.43180185,61236.8240932501,58734.43180185,-20815.1895666667,-60.3338828019324
1428,TORRB4,2023,202311,343.333333333333,186.840043,58811.9655178,60940.9940251668,58811.9655178,-25500.0733,-74.2720581553398
1429,TORRB4,2023,202311,361.666666666667,186.840043,62922.656886405,64195.1247740834,62922.656886405,-16432.4460666667,-45.4353347465438
1430,TORRB4,2023,202311,1845,186.840043,315884.579977935,327483.885368251,315884.579977935,50124.7178333333,27.1678687443541
1431,TORRB4,2023,202311,185.833333333333,186.840043,32426.067914053,32985.0525912917,32426.067914053,6207.55930416667,33.4039065695067
1432,TORRB4,2023,202311,255.708333333333,186.840043,43695.063075118,45387.7281956855,43695.063075118,-15272.7567475,-59.7272546749226
1433,TORRB4,2023,202311,2305.54166666667,186.840043,388910.846541252,409229.128931378,388910.846541252,22951.4290770833,9.95489667738962
1434,TORRB4,2023,202312,383.333333333333,180.025787,64074.771453615,65559.3907658334,64074.771453615,-23198.0623333333,-60.5166843478261
1435,TORRB4,2023,202312,583.333333333333,180.025787,97963.8939436001,99764.2902958334,97963.8939436001,-1653.2783,-2.83419137142857
1436,TORRB4,2023,202312,345,180.025787,57917.2452768,59003.45168925,57917.2452768,5240.18128333333,15.1889312560387
1437,TORRB4,2023,202312,2837.58333333333,180.025787,474189.24967218,485296.264123346,474189.24967218,-47366.2869766667,-16.6924743390796
1438,TORRB4,2024,202401,2270.52083333333,178.56087,375985.3407552,385154.866585469,375985.3407552,-6163.67801741667,-2.71465380406478
1439,TORRB4,2024,202401,2540,178.56087,425743.18557537,430867.37931,425743.18557537,-17319.7421666667,-6.81879612860892
1440,TORRB4,2024,202402,1279.29166666667,179.119686,216269.021587344,217689.005553963,216269.021587344,-29124.343759625,-22.7659919301371
1441,TORRB4,2024,202402,593.583333333333,179.119686,104116.905096306,101006.337267425,104116.905096306,-822.420304166667,-1.38551785062474
1442,TORRB4,2024,202402,580,179.119686,97198.28562808,98694.946986,97198.28562808,20571.7750333333,35.4685776436782
1443,TORRB4,2024,202402,300,179.119686,50126.792644995,51049.11051,50126.792644995,-4057.64286666667,-13.5254762222222
1444,TORRB4,2024,202402,263.333333333333,179.119686,43437.74495808,44809.774781,43437.74495808,-7389.05683333333,-28.0597094936709
1445,TORRB4,2024,202402,373.333333333333,179.119686,60581.026900845,63527.781968,60581.026900845,13589.3507,36.4000465178571
1446,TORRB4,2024,202402,505,179.119686,82764.062380515,85932.6693585,82764.062380515,16568.3346,32.8085833663366
1447,TORRB4,2024,202403,623.333333333333,179.062355,102571.87353735,106034.757885833,102571.87353735,6871.1842,11.0232901604278
1448,TORRB4,2024,202403,224.483333333333,179.062355,36622.1991226,38186.6886086709,36622.1991226,1539.82992570833,6.85943986506051
1449,TORRB4,2024,202406,740,177.77,121847.57390316,124972.31,121847.57390316,-17854.1047666667,-24.1271686036036
1450,TORRB4,2024,202406,285,177.77,45539.29304421,48131.2275,45539.29304421,1533.21288333333,5.37969432748538
1451,TORRB4,2024,202406,115.708333333333,177.77,20873.083344934,19540.9968958333,20873.083344934,5083.41274708333,43.932987371264
1452,TORRB4,2024,202406,216.666666666667,177.77,38901.81024147,36590.9916666667,38901.81024147,5101.57183333333,23.5457161538462
1453,TORRB4,2024,202406,1081.66666666667,177.77,190707.7555526,182673.489166667,190707.7555526,53291.9316166667,49.2683497226502
1454,TORRB4,2024,202407,1529.58333333333,215.965026,275524.412471065,313819.679134875,275524.412471065,105645.818264167,69.0683638883138
1455,TORRB4,2024,202407,585,215.965026,117410.81287932,120022.5631995,117410.81287932,-13191.0341333333,-22.5487762962963
1456,TORRB4,2024,202407,663.333333333333,215.965026,133945.90949776,136093.960551,133945.90949776,14246.8742,21.477699798995
1457,TORRB4,2024,202407,540,215.965026,109802.024733105,110790.058338,109802.024733105,20774.8268666667,38.4719016049383
1458,TORRB4,2024,202407,2061.66666666667,215.965026,414294.81798012,422985.5005065,414294.81798012,8208.41918333333,3.98144827000808
1459,TORRB4,2024,202407,745,215.965026,148051.73044888,152849.2471515,148051.73044888,16061.12075,21.5585513422819
1460,TORRB4,2024,202407,565,215.965026,112370.059617545,115919.2277055,112370.059617545,42129.12355,74.5648204424779
1461,TORRB4,2024,202408,180,221.896944,37236.452967165,37944.377424,37236.452967165,-8673.86256666667,-48.1881253703704
1462,TORRB4,2024,202408,118.15,221.896944,23918.383067975,24906.26773692,23918.383067975,-2895.04977008333,-24.5031719854705
1463,TORRB4,2024,202409,157.120833333333,220.036945,35380.62,32843.7687543948,35380.62,-3231.84764141667,-20.5691859752314
1464,TORRB4,2024,202409,1558.33333333333,220.036945,,325746.360660417,325746.360660417,-60596.1734666667,-38.8852450053476
1465,TORRB4,2024,202409,3796.66666666667,220.036945,,793636.587790834,793636.587790834,192764.120666667,50.7719369622476
1466,TORRB4,2024,202409,1323.33333333333,220.036945,270572.60828234,276623.112689167,270572.60828234,-8714.88573333333,-6.5855559697733
1467,TORRB4,2024,202409,2441.66666666667,220.036945,495152.34091815,510394.030339583,495152.34091815,-11593.8367666667,-4.74832905119454
1468,TORRB4,2024,202409,342.333333333333,220.036945,68893.813963,71559.6817964167,68893.813963,-4451.60411666667,-13.0037121226874
1469,TORRB4,2024,202409,2454.08333333333,220.036945,502225.92892622,512989.549469979,502225.92892622,120741.113866667,49.2000871472716
1470,TORRB4,2024,202409,1613,220.036945,327366.1120554,337173.61267075,327366.1120554,-19032.5906095833,-11.7994982080492
1471,TORRB4,2024,202409,345,220.036945,70182.81675018,72117.10872375,70182.81675018,-1841.38386666667,-5.3373445410628
1472,TORRB4,2024,202409,720,220.036945,148091.3989486,150505.27038,148091.3989486,38520.0821,53.5001140277778
1473,TORRB4,2024,202409,3148.41666666667,220.036945,643069.4181015,658129.585674396,643069.4181015,-22028.0922108333,-6.99656193668775
1474,TORRB4,2024,202410,325,221.743223,65695.23629302,68463.22010125,65695.23629302,-13998.3669833333,-43.0718984102564
1475,TORRB4,2024,202410,6465,221.743223,1332970.09302762,1361891.43986025,1332970.09302762,-16627.5237333333,-2.57192942510957
1476,TORRB4,2024,202410,1263.33333333333,221.743223,259629.6568485,266128.824803833,259629.6568485,3281.27853333333,2.59731810026385
1477,TORRB4,2024,202410,405,221.743223,82450.84048425,85315.7050492501,82450.84048425,-14643.4946333333,-36.156776872428
1478,TORRB4,2024,202410,1643.33333333333,221.743223,336305.88091167,346178.128306834,336305.88091167,-11420.2620666667,-6.94944953346856
1479,TORRB4,2024,202410,1225,221.743223,248559.03468416,258053.67576625,248559.03468416,-13187.884,-10.7656195918367
1480,TORRB4,2024,202410,1345,221.743223,272829.98625664,283332.40318825,272829.98625664,75184.6430333333,55.899362850062
1481,TORRB4,2024,202410,4121.66666666667,221.743223,843650.2335147,868254.068258417,843650.2335147,173644.243833333,42.129618398706
1482,TORRB4,2024,202410,585,221.743223,119272.32514112,123233.79618225,119272.32514112,129735.092716667,221.769389259259
1483,TORRB4,2024,202410,2165,221.743223,444075.90862804,456070.37390525,444075.90862804,27577.44065,12.7378478752887
1484,TORRB4,2024,202410,2571.66666666667,221.743223,535470.986857625,541737.172390917,535470.986857625,22421.7993333333,8.71878133506157
1485,TORRB4,2024,202411,292.1,223.44,59412.361118847,62003.4828,59412.361118847,-11560.4684883333,-39.5770917094602
1486,TORRB4,2024,202411,576.541666666667,223.44,120222.297696765,122381.3465,120222.297696765,-1597.41081958333,-2.77067714605767
1487,TORRB4,2024,202411,374.166666666667,223.44,79313.1109134,79423.61,79313.1109134,-14907.7667008333,-39.842583610245
1488,TORRB4,2024,202411,3523.33333333333,223.44,725943.34810452,747890.92,725943.34810452,180480.9865,51.2244994796594
1489,TORRB4,2024,202411,665,223.44,138374.34651852,141158.22,138374.34651852,6958.27808333333,10.4635760651629
1490,TORRB4,2024,202411,385,223.44,79810.59314676,81723.18,79810.59314676,4849.35656666667,12.5957313419913
1491,TORRB4,2024,202412,18.7875,225.243878,4028.070651675,4020.18089002875,4028.070651675,326.841417041667,17.3967487447328
