report_year,report_month,report_event,direction_start,direction_end,directed_mwh,compensation_payment,retained_trading_amount,additional_compensation,ie_fee,cra,source_file
2021,1,2021-01-01T07:00:00Z,2021-01-01T07:00:00Z,2021-01-09T04:29:59Z,38137.846982,2691817.61533198,20206.9754539116,207751,4400,2883761.63987807,NEM Event System security energy directions to SA generators 1 January 2021 to 7 January 2023.xlsx
2021,1,2021-01-11T07:45:00Z,2021-01-11T07:45:00Z,2021-01-21T19:15:00Z,37723.9086120134,2618830.54692602,120508.457051058,232321.21,4400,2735043.29987496,NEM Event System security energy directions to SA generators 1 January 2021 to 7 January 2023.xlsx
2021,1,2021-01-25T06:53:00Z,2021-01-25T06:53:00Z,2021-02-03T23:14:59Z,28536.2324695285,1962599.3484077,61266.8345225498,292720.2,3750,2197802.71388515,NEM Event System security energy directions to SA generators 1 January 2021 to 7 January 2023.xlsx
2021,2,2021-02-04T00:30:00Z,2021-02-04T00:30:00Z,2021-02-09T00:30:00Z,21296.659034,1447128.30869416,-81890.2677305349,323972,1250,1854240.57642469,NEM Event System security energy directions to SA generators 1 January 2021 to 7 January 2023.xlsx
2021,2,2021-02-11T08:00:00Z,2021-02-11T08:00:00Z,2021-02-20T05:59:59Z,15866.9580093684,1063238.02528759,24961.7970505591,294921,2500,1335697.22823703,NEM Event System security energy directions to SA generators 1 January 2021 to 7 January 2023.xlsx
2021,2,2021-02-20T07:29:59Z,2021-02-20T07:29:59Z,2021-02-25T08:30:00Z,17162.84381,1134914.9879782,97915.4464904418,313330,2500.42694223916,1352829.96843,NEM Event System security energy directions to SA generators 1 January 2021 to 7 January 2023.xlsx
2021,2,2021-02-25T13:29:59Z,2021-02-25T13:29:59Z,2021-03-07T07:00:00Z,29478.5615881646,1934534.76524223,-209866.575362524,741823,2600,2888824.34060475,NEM Event System security energy directions to SA generators 1 January 2021 to 7 January 2023.xlsx
2021,3,2021-03-07T07:29:59Z,2021-03-07T07:29:59Z,2021-03-16T07:45:00Z,23605.183877,1541214.43726436,-1078588.51262825,777821,3640,3401263.94989261,NEM Event System security energy directions to SA generators 1 January 2021 to 7 January 2023.xlsx
2021,3,2021-03-17T08:00:00Z,2021-03-17T08:00:00Z,2021-03-27T07:29:59Z,28165.709865,1850181.6239347,281785.545736829,592493,4160,2165049.07819787,NEM Event System security energy directions to SA generators 1 January 2021 to 7 January 2023.xlsx
2021,3,2021-03-27T07:39:59Z,2021-03-27T07:39:59Z,2021-04-01T05:59:59Z,7729.522028,509124.6340224,206587.790348636,217193,1100,520829.843673764,NEM Event System security energy directions to SA generators 1 January 2021 to 7 January 2023.xlsx
2021,4,2021-04-01T08:00:00Z,2021-04-01T08:00:00Z,2021-04-09T07:00:00Z,19470.4499755702,1283923.51387734,354720.25449764,684683,3300,1617186.2593797,NEM Event System security energy directions to SA generators 1 January 2021 to 7 January 2023.xlsx
2021,4,2021-04-09T07:00:00Z,2021-04-09T07:00:00Z,2021-04-17T06:30:00Z,25287.0271978184,1659499.51599593,-222084.574936134,832672.25747473,5500,2719756.34840679,NEM Event System security energy directions to SA generators 1 January 2021 to 7 January 2023.xlsx
2021,4,2021-04-17T04:00:00Z,2021-04-17T04:00:00Z,2021-04-20T05:59:59Z,2011.03946,132558.42256169,77291.1758768596,98944.4390658737,1100,155311.685750704,NEM Event System security energy directions to SA generators 1 January 2021 to 7 January 2023.xlsx
2021,4,2021-04-25T08:00:00Z,2021-04-25T08:00:00Z,2021-05-04T05:59:59Z,8712.854747,595019.38327929,-19557.03294834,105094,4500,724170.41622763,NEM Event System security energy directions to SA generators 1 January 2021 to 7 January 2023.xlsx
2021,5,2021-05-09T07:29:59Z,2021-05-09T07:29:59Z,2021-05-22T05:30:00Z,10503.335785,732505.30286883,209153.55822024,80689,4500,608540.74464859,NEM Event System security energy directions to SA generators 1 January 2021 to 7 January 2023.xlsx
2021,5,2021-05-22T05:59:59Z,2021-05-22T05:59:59Z,2021-05-26T02:30:00Z,13276.63508,939200.22993686,162034.50431089,194576,4125,975866.72562597,NEM Event System security energy directions to SA generators 1 January 2021 to 7 January 2023.xlsx
2021,6,2021-06-04T08:00:00Z,2021-06-04T08:00:00Z,2021-06-10T05:30:00Z,13152.4846399041,962805.910723003,49401.4983340353,199764,6875,1120043.41238897,NEM Event System security energy directions to SA generators 1 January 2021 to 7 January 2023.xlsx
2021,6,2021-06-22T07:00:00Z,2021-06-22T07:00:00Z,2021-06-24T05:00:00Z,3622.053414,289217.78390076,185614.79504773,143687.99,1899.99,249190.96885303,NEM Event System security energy directions to SA generators 1 January 2021 to 7 January 2023.xlsx
2021,7,2021-07-01T05:59:59Z,2021-07-01T05:59:59Z,2021-07-07T20:30:00Z,1974.577003,168977.16649812,200878.19582835,101034.52,1266,70399.49066977,NEM Event System security energy directions to SA generators 1 January 2021 to 7 January 2023.xlsx
2021,7,2021-07-10T08:00:00Z,2021-07-10T08:00:00Z,2021-07-17T07:00:00Z,23165.9558225,2101544.63591662,623349.96274521,1267745,6333.3,2752272.97317141,NEM Event System security energy directions to SA generators 1 January 2021 to 7 January 2023.xlsx
2021,7,2021-07-19T07:00:00Z,2021-07-19T07:00:00Z,2021-07-31T07:00:00Z,40959.6503601691,3894332.03876489,101239.934884134,1688481.58,6576.92307692308,5488150.60695768,NEM Event System security energy directions to SA generators 1 January 2021 to 7 January 2023.xlsx
2021,7,2021-07-31T05:30:00Z,2021-07-31T05:30:00Z,2021-08-04T07:00:00Z,6013.0571234,581787.248872705,48560.79614548,596180.01,2923.07692307692,1132329.5396503,NEM Event System security energy directions to SA generators 1 January 2021 to 7 January 2023.xlsx
2021,8,2021-08-08T05:59:59Z,2021-08-08T05:59:59Z,2021-08-20T07:00:00Z,16457.0160585796,1618595.13835243,-156676.180080201,602637.41,3886.36363636364,2381795.092069,NEM Event System security energy directions to SA generators 1 January 2021 to 7 January 2023.xlsx
2021,8,2021-08-20T07:00:00Z,2021-08-20T07:00:00Z,2021-08-28T07:00:00Z,12763.7005942828,1266068.34057521,-335203.577595469,574493.54,2590.90909090909,2178356.36726159,NEM Event System security energy directions to SA generators 1 January 2021 to 7 January 2023.xlsx
2021,8,2021-08-28T05:59:59Z,2021-08-28T05:59:59Z,2021-09-04T07:00:00Z,22928.6180853,2293629.66108196,-897445.08786175,326894.800890741,3022.72727272727,3520992.27710718,NEM Event System security energy directions to SA generators 1 January 2021 to 7 January 2023.xlsx
2021,9,2021-09-04T07:00:00Z,2021-09-04T07:00:00Z,2021-09-06T04:00:00Z,3029.1527923,303136.037638138,-17834.64734856,56925,526.315789473684,378422.000776172,NEM Event System security energy directions to SA generators 1 January 2021 to 7 January 2023.xlsx
2021,9,2021-09-07T08:00:00Z,2021-09-07T08:00:00Z,2021-09-15T05:59:59Z,22822.424695,2292112.65192551,-719898.41609963,370766,1578.85015804689,3384355.91818319,NEM Event System security energy directions to SA generators 1 January 2021 to 7 January 2023.xlsx
2021,9,2021-09-15T07:00:00Z,2021-09-15T07:00:00Z,2021-09-25T05:59:59Z,37649.0172115686,3806330.74582051,-533675.139784542,475699,3157.89473684211,4818862.78034189,NEM Event System security energy directions to SA generators 1 January 2021 to 7 January 2023.xlsx
2021,9,2021-09-25T07:00:00Z,2021-09-25T07:00:00Z,2021-09-30T14:00:00Z,22992.3249271797,2340004.10710846,379230.436098698,198092,2631.57894736842,2161497.24995713,NEM Event System security energy directions to SA generators 1 January 2021 to 7 January 2023.xlsx
2021,9,2021-09-27T07:00:00Z,2021-09-27T07:00:00Z,2021-10-05T07:00:00Z,25548.2031025,2595927.43596377,-329906.45005065,292855,2105.26315789474,3220794.14917231,NEM Event System security energy directions to SA generators 1 January 2021 to 7 January 2023.xlsx
2021,10,2021-10-05T06:30:00Z,2021-10-05T06:30:00Z,2021-10-14T07:15:00Z,53271.2134854,5209803.94473812,-204148.98643748,0,0,5413952.9311756,NEM Event System security energy directions to SA generators 1 January 2021 to 7 January 2023.xlsx
2021,10,2021-10-14T06:30:00Z,2021-10-14T06:30:00Z,2021-10-19T14:00:00Z,26146.4961175,2488190.58660679,-253331.31575147,1011490.64,2923.07692307692,3755935.61928134,NEM Event System security energy directions to SA generators 1 January 2021 to 7 January 2023.xlsx
2021,10,2021-10-27T05:59:59Z,2021-10-27T05:59:59Z,2021-11-06T14:00:00Z,29332.6823105,2704536.08584817,156838.03267976,1037663.77,5115.38461538461,3590477.20778379,NEM Event System security energy directions to SA generators 1 January 2021 to 7 January 2023.xlsx
2021,11,2021-11-05T05:00:00Z,2021-11-05T05:00:00Z,2021-11-13T14:00:00Z,22307.9808123,2039516.66522643,106673.83523368,593180.1,3022.72727272727,2529045.65726548,NEM Event System security energy directions to SA generators 1 January 2021 to 7 January 2023.xlsx
2021,11,2021-11-09T04:45:00Z,2021-11-09T04:45:00Z,2021-11-20T07:29:59Z,17691.1170943,1613788.51159313,-228666.72635315,1137193.57,3022.72727272727,2982671.535219,NEM Event System security energy directions to SA generators 1 January 2021 to 7 January 2023.xlsx
2021,11,2021-11-16T05:59:59Z,2021-11-16T05:59:59Z,2021-11-27T06:30:00Z,17715.3731588,1645024.20563361,564589.18340374,1285864.67,2159.09090909091,2368458.78313897,NEM Event System security energy directions to SA generators 1 January 2021 to 7 January 2023.xlsx
2021,11,2021-11-24T06:44:59Z,2021-11-24T06:44:59Z,2021-11-29T06:30:00Z,4692.5102633,449393.459827837,116790.55323355,351339.72,1295.45454545455,685238.081139742,NEM Event System security energy directions to SA generators 1 January 2021 to 7 January 2023.xlsx
2021,12,2021-12-01T05:59:59Z,2021-12-01T05:59:59Z,2021-12-11T05:00:00Z,16502.3291291,1596267.59223389,260559.68590619,1052269.93,3653.84615384615,2391631.68248155,NEM Event System security energy directions to SA generators 1 January 2021 to 7 January 2023.xlsx
2021,12,2021-12-11T05:59:59Z,2021-12-11T05:59:59Z,2021-12-18T03:30:00Z,3369.8996813,334532.52329631,26065.21661366,233195.72,2923.07692307692,544586.103605727,NEM Event System security energy directions to SA generators 1 January 2021 to 7 January 2023.xlsx
2021,12,2021-12-18T05:59:59Z,2021-12-18T05:59:59Z,2021-12-25T14:00:00Z,8189.5678603,845887.572594114,120923.1932069,677935.526153942,2192.30769230769,1405092.21323346,NEM Event System security energy directions to SA generators 1 January 2021 to 7 January 2023.xlsx
2021,12,2021-12-24T05:59:59Z,2021-12-24T05:59:59Z,2021-12-29T22:00:00Z,7354.654175,759834.81594763,-23870.3554593699,623245.33,730.76923076923,1407681.27063777,NEM Event System security energy directions to SA generators 1 January 2021 to 7 January 2023.xlsx
2022,1,2022-01-01T05:30:00Z,2022-01-01T05:30:00Z,2022-01-03T13:00:00Z,1723.838774,181217.85774186,23908.39305017,130345,3000,290654.46469169,NEM Event System security energy directions to SA generators 1 January 2021 to 7 January 2023.xlsx
2022,1,2022-01-02T08:59:59Z,2022-01-02T08:59:59Z,2022-01-15T07:19:59Z,11750.8709515,1251791.10977279,310183.59830117,8986,0,950593.511471621,NEM Event System security energy directions to SA generators 1 January 2021 to 7 January 2023.xlsx
2022,1,2022-01-15T05:49:59Z,2022-01-15T05:49:59Z,2022-01-21T04:45:00Z,6304.3138785,689385.654076429,-46931.32249864,0,0,736316.976575069,NEM Event System security energy directions to SA generators 1 January 2021 to 7 January 2023.xlsx
2022,1,2022-01-21T02:59:59Z,2022-01-21T02:59:59Z,2022-01-29T07:45:00Z,3315.6638331,362187.256740778,88922.00439037,286676,5000,564941.252350408,NEM Event System security energy directions to SA generators 1 January 2021 to 7 January 2023.xlsx
2022,1,2022-01-28T05:59:59Z,2022-01-28T05:59:59Z,2022-02-03T07:29:59Z,4430.9197288,507240.390104465,98468.03536273,349155,1800,759727.354741735,NEM Event System security energy directions to SA generators 1 January 2021 to 7 January 2023.xlsx
2022,2,2022-02-03T07:00:00Z,2022-02-03T07:00:00Z,2022-02-12T05:30:00Z,6560.0616357,741317.28484773,44636.1511588,503668,3300,1203649.13368893,NEM Event System security energy directions to SA generators 1 January 2021 to 7 January 2023.xlsx
2022,2,2022-02-12T06:30:00Z,2022-02-12T06:30:00Z,2022-02-19T07:00:00Z,1455.4605787,165700.291318816,9801.052099,157985,1200,315084.239219816,NEM Event System security energy directions to SA generators 1 January 2021 to 7 January 2023.xlsx
2022,2,2022-02-19T07:00:00Z,2022-02-19T07:00:00Z,2022-02-26T06:15:00Z,5286.7296945,604922.408017942,91970.18448103,417350.4,2700,933002.623536912,NEM Event System security energy directions to SA generators 1 January 2021 to 7 January 2023.xlsx
2022,2,2022-02-26T05:14:59Z,2022-02-26T05:14:59Z,2022-02-27T05:30:00Z,553.25,57198.93824715,37423.31848746,27464.41,428.571428571429,47668.6011882614,NEM Event System security energy directions to SA generators 1 January 2021 to 7 January 2023.xlsx
2022,3,2022-03-04T05:59:59Z,2022-03-04T05:59:59Z,2022-03-12T10:29:59Z,10246.2049686,1188131.00229166,-45678.95216068,873767.91,3428.57142857143,2111006.43588091,NEM Event System security energy directions to SA generators 1 January 2021 to 7 January 2023.xlsx
2022,3,2022-03-12T07:00:00Z,2022-03-12T07:00:00Z,2022-03-19T04:29:59Z,810.5764898,93852.32699992,973.26303027,150670.13,1714.28571428571,245263.479683936,NEM Event System security energy directions to SA generators 1 January 2021 to 7 January 2023.xlsx
2022,3,2022-03-19T07:00:00Z,2022-03-19T07:00:00Z,2022-03-26T06:44:59Z,3285.1607275,384176.974522,35120.94738727,363610.33,3428.57142857143,716094.928563302,NEM Event System security energy directions to SA generators 1 January 2021 to 7 January 2023.xlsx
2022,3,2022-03-26T05:00:00Z,2022-03-26T05:00:00Z,2022-04-02T05:30:00Z,6956.6323017,813925.9792989,61134.65105311,741472.3,3000,1497263.62824579,NEM Event System security energy directions to SA generators 1 January 2021 to 7 January 2023.xlsx
2022,4,2022-04-06T08:00:00Z,2022-04-06T08:00:00Z,2022-04-16T04:29:59Z,3693.9225885,475398.96190566,214912.7238692,538277.7,6000,804763.93803646,NEM Event System security energy directions to SA generators 1 January 2021 to 7 January 2023.xlsx
2022,4,2022-04-16T07:00:00Z,2022-04-16T07:00:00Z,2022-04-23T04:29:59Z,2053.236325,288895.26905458,-77102.47332939,307238.26,2850,676086.00238397,NEM Event System security energy directions to SA generators 1 January 2021 to 7 January 2023.xlsx
2022,4,2022-04-23T07:29:59Z,2022-04-23T07:29:59Z,2022-04-25T04:29:59Z,2145.547765,314194.0147066,186236.25857994,469906.81,2850,600714.56612666,NEM Event System security energy directions to SA generators 1 January 2021 to 7 January 2023.xlsx
2022,5,2022-05-02T05:59:59Z,2022-05-02T05:59:59Z,2022-05-14T05:00:00Z,948.780667,180921.6538934,25757.57335482,44729,0,199893.08053858,NEM Event System security energy directions to SA generators 1 January 2021 to 7 January 2023.xlsx
2022,5,2022-05-14T07:00:00Z,2022-05-14T07:00:00Z,2022-05-20T06:40:00Z,1916.7365621,390319.691398677,177835.41937539,369839.32,3800,586123.592023287,NEM Event System security energy directions to SA generators 1 January 2021 to 7 January 2023.xlsx
2022,5,2022-05-20T07:00:00Z,2022-05-20T07:00:00Z,2022-05-25T03:30:00Z,3720.9487896,818484.132570832,800811.52208837,272189.07,3562.5,293424.180482462,NEM Event System security energy directions to SA generators 1 January 2021 to 7 January 2023.xlsx
2022,5,2022-05-28T05:59:59Z,2022-05-28T05:59:59Z,2022-05-31T05:30:00Z,1323.1268965,327766.4773915,82014.44010834,373731.45,2375,621858.48728316,NEM Event System security energy directions to SA generators 1 January 2021 to 7 January 2023.xlsx
2022,6,2022-06-03T07:00:00Z,2022-06-03T07:00:00Z,2022-06-06T05:30:00Z,3139.0211898,817920.436153248,487851.42362718,946239.59,3562.5,1279871.10252607,NEM Event System security energy directions to SA generators 1 January 2021 to 7 January 2023.xlsx
2022,6,2022-06-14T01:19:59Z,2022-06-14T01:19:59Z,2022-06-15T20:59:59Z,2411.4505234,66295.812343266,-12049.50551044,358766.98,7266.66666666667,671894.370327961,NEM Event System security energy directions to SA generators 1 January 2021 to 7 January 2023.xlsx
2022,6,2022-06-24T07:00:00Z,2022-06-24T07:00:00Z,2022-06-25T05:30:00Z,225.2831785,65174.42354005,497.460921270001,74327.65,3633.33333333333,142637.945952113,NEM Event System security energy directions to SA generators 1 January 2021 to 7 January 2023.xlsx
2022,7,2022-07-15T07:15:00Z,2022-07-15T07:15:00Z,2022-07-23T04:00:00Z,3791.5955015,1289542.95902979,235179.93540501,0,0,1054363.02362478,NEM Event System security energy directions to SA generators 1 January 2021 to 7 January 2023.xlsx
2022,7,2022-07-23T07:00:00Z,2022-07-23T07:00:00Z,2022-07-25T05:00:00Z,1811.737395,631341.47514195,179831.47641314,208820.89,2454.54545454545,662785.434183356,NEM Event System security energy directions to SA generators 1 January 2021 to 7 January 2023.xlsx
2022,7,2022-07-29T07:00:00Z,2022-07-29T07:00:00Z,2022-08-06T04:15:00Z,10971.8567734,3859451.23405372,310020.16194311,1893600.77,6545.45454545455,5449577.29665607,NEM Event System security energy directions to SA generators 1 January 2021 to 7 January 2023.xlsx
2022,8,2022-08-09T07:00:00Z,2022-08-09T07:00:00Z,2022-08-20T05:30:00Z,7185.9939338,2511727.99238402,467366.6245581,729936.77,4500,2778798.13782591,NEM Event System security energy directions to SA generators 1 January 2021 to 7 January 2023.xlsx
2022,8,2022-08-20T04:45:00Z,2022-08-20T04:45:00Z,2022-08-23T05:30:00Z,1109.70546,387533.440962225,17541.19757117,255663.47,3000,628655.713391055,NEM Event System security energy directions to SA generators 1 January 2021 to 7 January 2023.xlsx
2022,8,2022-08-27T02:00:00Z,2022-08-27T02:00:00Z,2022-09-03T04:29:59Z,3027.4308422,1059832.27667436,140518.93110236,566445.09,1500,1487258.435572,NEM Event System security energy directions to SA generators 1 January 2021 to 7 January 2023.xlsx
2022,9,2022-09-07T07:29:59Z,2022-09-07T07:29:59Z,2022-09-10T21:40:00Z,2587.6432285,903087.4867465,187981.16679768,29560.7184849945,0,744667.038433815,NEM Event System security energy directions to SA generators 1 January 2021 to 7 January 2023.xlsx
2022,9,2022-09-26T07:00:00Z,2022-09-26T07:00:00Z,2022-10-08T06:30:00Z,3852.5220405,1341793.87893708,79561.75990115,0,0,1262232.11903593,NEM Event System security energy directions to SA generators 1 January 2021 to 7 January 2023.xlsx
2022,10,2022-10-08T07:00:00Z,2022-10-08T07:00:00Z,2022-10-15T05:59:59Z,3066.208805,1067856.62893008,82770.82945877,0,0,985085.799471305,NEM Event System security energy directions to SA generators 1 January 2021 to 7 January 2023.xlsx
2022,10,2022-10-15T07:00:00Z,2022-10-15T07:00:00Z,2022-10-21T20:59:59Z,4107.9842001,1431746.58391281,-141883.8272942,0,0,1573630.41120701,NEM Event System security energy directions to SA generators 1 January 2021 to 7 January 2023.xlsx
2022,10,2022-10-22T07:00:00Z,2022-10-22T07:00:00Z,2022-10-29T06:30:00Z,7879.3142991,2746391.38633964,135864.81849503,16591.6753042724,0,2627118.24314888,NEM Event System security energy directions to SA generators 1 January 2021 to 7 January 2023.xlsx
2022,10,2022-10-29T06:30:00Z,2022-10-29T06:30:00Z,2022-11-05T05:59:59Z,11162.5421188,3890519.24140644,66311.76216377,0,0,3824207.47924267,NEM Event System security energy directions to SA generators 1 January 2021 to 7 January 2023.xlsx
2022,11,2022-11-05T04:15:00Z,2022-11-05T04:15:00Z,2022-11-12T04:29:59Z,4313.0798961,1503840.30721984,170825.14358463,14785.9053673631,0,1347801.06900257,NEM Event System security energy directions to SA generators 1 January 2021 to 7 January 2023.xlsx
2022,11,2022-11-12T07:00:00Z,2022-11-12T07:00:00Z,2022-11-13T05:59:59Z,451.6864435,157494.02911958,98920.30624642,339683.68,8333.33333333333,406590.736206493,NEM Event System security energy directions to SA generators 1 January 2021 to 7 January 2023.xlsx
2022,11,2022-11-16T07:00:00Z,2022-11-16T07:00:00Z,2022-11-26T08:00:00Z,5287.69259,1845404.71391,-451838.11178869,0,0,2297242.82569869,NEM Event System security energy directions to SA generators 1 January 2021 to 7 January 2023.xlsx
2022,11,2022-11-26T06:30:00Z,2022-11-26T06:30:00Z,2022-12-03T05:30:00Z,8230.7713429,2872539.1986721,318175.43510172,0,0,2554363.76357038,NEM Event System security energy directions to SA generators 1 January 2021 to 7 January 2023.xlsx
2022,12,2022-12-03T07:00:00Z,2022-12-03T07:00:00Z,2022-12-10T08:00:00Z,10042.2855183,3504757.6458867,53271.66524826,24522,0,3476007.98063844,NEM Event System security energy directions to SA generators 1 January 2021 to 7 January 2023.xlsx
2022,12,2022-12-10T07:00:00Z,2022-12-10T07:00:00Z,2022-12-17T14:00:00Z,12793.6111055,4464970.2758195,-197140.82893946,0,0,4662111.10475896,NEM Event System security energy directions to SA generators 1 January 2021 to 7 January 2023.xlsx
2022,12,2022-12-24T06:30:00Z,2022-12-24T06:30:00Z,2022-12-31T06:44:59Z,6131.6128188,2139932.8737612,18179.72437164,9428.47872101126,0,2131181.62811057,NEM Event System security energy directions to SA generators 1 January 2021 to 7 January 2023.xlsx
2022,12,2022-12-31T05:00:00Z,2022-12-31T05:00:00Z,2023-01-07T05:30:00Z,10143.2024173,3536751.94718211,-117332.08214215,0,0,3654084.02932426,NEM Event System security energy directions to SA generators 1 January 2021 to 7 January 2023.xlsx
2023,1,2023-01-07T07:00:00Z,2023-01-07T07:00:00Z,2023-01-10T23:59:59Z,3203.8162439,1117658.42474819,72363.99617382,18070.7663658904,0,1063365.19494026,System security energy directions to SA Generators 7 January 2023 to 28 January 2023.xlsx
2023,1,2023-01-13T23:59:59Z,2023-01-13T23:59:59Z,2023-01-15T17:59:59Z,2093.524615,730179.5152197,-3594.71276770997,0,0,733774.22798741,System security energy directions to SA Generators 7 January 2023 to 28 January 2023.xlsx
2023,1,2023-01-17T06:30:00Z,2023-01-17T06:30:00Z,2023-01-28T02:00:00Z,11241.5142561,3920651.32489294,-20889.96781124,7424.00318274908,0,3948965.29588693,System security energy directions to SA Generators 7 January 2023 to 28 January 2023.xlsx
2023,1,2023-01-29T05:59:59Z,2023-01-29T05:59:59Z,2023-02-10T06:30:00Z,11703.2633192,4083879.08901836,104890.11678589,36426.2841345854,0,4015415.25636705,NEM Event System security directions to SA Generators 29 January 2023 to 25 February 2023.xlsx
2023,2,2023-02-10T05:00:00Z,2023-02-10T05:00:00Z,2023-02-18T08:00:00Z,6779.1847877,2365935.4909073,87251.25104379,0,0,2278684.23986351,NEM Event System security directions to SA Generators 29 January 2023 to 25 February 2023.xlsx
2023,2,2023-02-18T05:00:00Z,2023-02-18T05:00:00Z,2023-02-25T05:30:00Z,4250.3564841,1483374.4129509,121589.00011774,0,0,1361785.41283316,NEM Event System security directions to SA Generators 29 January 2023 to 25 February 2023.xlsx
2023,2,2023-02-25T05:00:00Z,2023-02-25T05:00:00Z,2023-03-04T04:29:59Z,4945.81818,1726090.54482,-1153.22493605001,22743.1039525572,0,1749986.87370861,System security energy directions report25 February 2023 to 24 March 2023.xlsx
2023,3,2023-03-04T04:29:59Z,2023-03-04T04:29:59Z,2023-03-11T07:29:59Z,7759.0469815,2707907.3965435,-91635.8681357,0,0,2799543.2646792,System security energy directions report25 February 2023 to 24 March 2023.xlsx
2023,3,2023-03-11T05:00:00Z,2023-03-11T05:00:00Z,2023-03-15T06:30:00Z,2958.1890872,1032407.9914328,-22261.74016152,0,0,1054669.73159432,System security energy directions report25 February 2023 to 24 March 2023.xlsx
2023,3,2023-03-15T05:30:00Z,2023-03-15T05:30:00Z,2023-03-24T06:15:00Z,6244.900528,2179481.43285319,12478.94096633,44890.0940379806,3111.11111111111,2215003.69703595,System security energy directions report25 February 2023 to 24 March 2023.xlsx
2023,3,2023-03-24T06:30:00Z,2023-03-24T06:30:00Z,2023-04-01T05:59:59Z,2772.3116442,967536.7638258,-27141.06205276,155721.778053433,9333.33333333333,1159732.93726533,System security energy directions report 24 March 2023 to 28 April 2023.xlsx
2023,4,2023-04-01T05:00:00Z,2023-04-01T05:00:00Z,2023-04-06T05:59:59Z,1632.7583163,569832.6523887,75632.83747786,317455.548458443,2562.5,814217.863369283,System security energy directions report 24 March 2023 to 28 April 2023.xlsx
2023,4,2023-04-06T07:00:00Z,2023-04-06T07:00:00Z,2023-04-12T23:24:59Z,13153.7559861,4590660.8391489,-220111.80828591,261814.615527017,3416.66666666667,5076003.92962849,System security energy directions report 24 March 2023 to 28 April 2023.xlsx
2023,4,2023-04-13T07:00:00Z,2023-04-13T07:00:00Z,2023-04-22T05:59:59Z,10575.759117,3690939.931833,256003.55240854,187022.1978907,4270.83333333333,3626229.41064849,System security energy directions report 24 March 2023 to 28 April 2023.xlsx
2023,4,2023-04-22T08:00:00Z,2023-04-22T08:00:00Z,2023-04-27T20:30:00Z,5195.2034508,1813126.0043292,-23980.53640761,218843.03202744,6029.41176470588,2061978.98452896,System security energy directions report 24 March 2023 to 28 April 2023.xlsx
2023,5,2023-05-02T07:00:00Z,2023-05-02T07:00:00Z,2023-05-13T05:59:59Z,1330.216632,464827.45177031,81027.53412255,211941.97732054,2411.76470588235,598153.659674182,System security energy directions to SA generators 2 May 2023 to 27 May 2023.xlsx
2023,5,2023-05-13T04:29:59Z,2023-05-13T04:29:59Z,2023-05-20T05:59:59Z,902.6965388,314867.89733096,58157.07389391,199747.233294653,1808.82352941177,458266.880261115,System security energy directions to SA generators 2 May 2023 to 27 May 2023.xlsx
2023,5,2023-05-20T05:00:00Z,2023-05-20T05:00:00Z,2023-05-27T06:40:00Z,3938.313458,1370543.94478124,94676.29028446,301972.749805635,1708.33333333333,1579548.73763575,System security energy directions to SA generators 2 May 2023 to 27 May 2023.xlsx
2023,5,2023-05-27T04:45:00Z,2023-05-27T04:45:00Z,2023-06-03T05:30:00Z,2236.1759426,769775.992049058,49056.05261166,371579.352629434,2277.77777777778,1094577.06984461,System security energy directions report 27 May 2023 to 26 June 2023.xlsx
2023,6,2023-06-03T00:20:00Z,2023-06-03T00:20:00Z,2023-06-10T05:30:00Z,6661.9658483,2189603.28627783,93847.25812298,576384.564473722,3416.66666666667,2675557.25929524,System security energy directions report 27 May 2023 to 26 June 2023.xlsx
2023,6,2023-06-10T04:00:00Z,2023-06-10T04:00:00Z,2023-06-15T04:29:59Z,4913.1092706,1546700.03608239,98644.1727481701,165888.922510693,1708.33333333333,1615653.11917824,System security energy directions report 27 May 2023 to 26 June 2023.xlsx
2023,6,2023-06-15T04:00:00Z,2023-06-15T04:00:00Z,2023-06-23T01:00:00Z,6395.2401473,1967189.43901301,-102746.43224325,115519.015768547,1138.88888888889,2186593.77591369,System security energy directions report 27 May 2023 to 26 June 2023.xlsx
2023,6,2023-06-23T05:59:59Z,2023-06-23T05:59:59Z,2023-06-25T17:00:00Z,3389.388438,1044677.30436036,-67194.74936404,159514.428184273,818.181818181818,1272204.66372685,System security energy directions report 27 May 2023 to 26 June 2023.xlsx
2023,7,2023-07-04T05:59:59Z,2023-07-04T05:59:59Z,2023-07-15T05:00:00Z,11224.7584977,3210680.53743503,-35942.4103211501,597421.497426203,3272.72,3847317.16518238,System security energy directions report 4 Jul 2023 to 27 Jul 2023.xlsx
2023,7,2023-07-15T05:00:00Z,2023-07-15T05:00:00Z,2023-07-22T05:30:00Z,3183.0690658,782504.027520788,-13339.96763648,390717.98449209,4909.08,1191471.05964936,System security energy directions report 4 Jul 2023 to 27 Jul 2023.xlsx
2023,7,2023-07-22T07:00:00Z,2023-07-22T07:00:00Z,2023-07-28T04:00:00Z,3201.8625875,751997.25913659,58437.87165438,469242.734905739,2880,1165682.12238795,System security energy directions report 4 Jul 2023 to 27 Jul 2023.xlsx
2023,7,2023-07-28T05:00:00Z,2023-07-28T05:00:00Z,2023-08-04T05:30:00Z,4601.4135112,1059420.37040973,-212469.97756298,695732.679384832,4320,1971943.02735755,System security energy directions report 28 Jul 2023 to 2 Sep 2023.xlsx
2023,8,2023-08-07T07:29:59Z,2023-08-07T07:29:59Z,2023-08-19T06:30:00Z,4401.6715551,1013709.51495724,-25031.7290994,419852.561484368,4800,1463393.80554101,System security energy directions report 28 Jul 2023 to 2 Sep 2023.xlsx
2023,8,2023-08-20T04:29:59Z,2023-08-20T04:29:59Z,2023-09-02T07:29:59Z,2481.6353889,564582.339777736,70998.65116754,627467.568741694,2793.10344827586,1123844.36080017,System security energy directions report 28 Jul 2023 to 2 Sep 2023.xlsx
2023,9,2023-09-02T05:59:59Z,2023-09-02T05:59:59Z,2023-09-09T05:00:00Z,7903.4436436,1789587.29079653,-244066.44596749,565906.400997706,2172.41379310345,2601732.55155483,System security energy directions to SA generators 2 Sep 2023 to 29 Sep 2023.xlsx
2023,9,2023-09-09T08:00:00Z,2023-09-09T08:00:00Z,2023-09-16T06:30:00Z,4002.2492587,895137.761627636,-119089.44985453,715661.3438012,4034.48275862069,1733923.03804199,System security energy directions to SA generators 2 Sep 2023 to 29 Sep 2023.xlsx
2023,9,2023-09-16T05:00:00Z,2023-09-16T05:00:00Z,2023-09-22T05:59:59Z,5747.4546289,1268748.37460702,-1405.68798753,454450.590170006,2531.25,1727135.90276455,System security energy directions to SA generators 2 Sep 2023 to 29 Sep 2023.xlsx
2023,9,2023-09-22T05:59:59Z,2023-09-22T05:59:59Z,2023-09-29T05:59:59Z,6161.080908,1340996.66724289,77634.40333236,570223.970542597,2250,1835836.23445312,System security energy directions to SA generators 2 Sep 2023 to 29 Sep 2023.xlsx
2023,9,2023-09-29T07:00:00Z,2023-09-29T07:00:00Z,2023-10-06T07:00:00Z,6149.5890245,1301795.52996257,-93977.69822816,458951.661769064,1687.5,1856412.38995979,System security energy directions report29 September to 27 October 2023.xlsx
2023,10,2023-10-06T04:45:00Z,2023-10-06T04:45:00Z,2023-10-13T07:29:59Z,8322.9456681,1700984.15882213,59770.69000951,538676.300586264,2531.25,2182421.01939889,System security energy directions report29 September to 27 October 2023.xlsx
2023,10,2023-10-13T07:29:59Z,2023-10-13T07:29:59Z,2023-10-18T07:00:00Z,6974.8550001,1369471.95158183,56748.56091267,242770.582049251,1285.71428571429,1556779.68700412,System security energy directions report29 September to 27 October 2023.xlsx
2023,10,2023-10-18T07:00:00Z,2023-10-18T07:00:00Z,2023-10-27T06:30:00Z,10625.7380463,2026259.70699563,-248738.67539319,1064406.30989334,2828.57142857143,3342233.26371073,System security energy directions report29 September to 27 October 2023.xlsx
